player,dp_value,dp_rank,ktc_value,ktc_rank,fc_value,fc_rank,spread,fc_vs_consensus
Josh Allen,10232.0,1,9999.0,2,10456.0,1,1,0.5
Ja'Marr Chase,9076.0,2,9992.0,4,10020.0,4,2,-1.0
Bijan Robinson,8089.0,7,9993.0,3,10173.0,3,4,2.0
Jaxon Smith-Njigba,8579.0,4,9306.0,5,8838.0,5,1,-0.5
Jahmyr Gibbs,7363.0,16,9999.0,1,10186.0,2,15,6.5
Puka Nacua,7646.0,12,8951.0,7,8318.0,7,5,2.5
Lamar Jackson,8949.0,3,7561.0,13,7255.0,10,10,-2.0
Caleb Williams,8013.0,9,7889.0,9,7226.0,11,2,-2.0
Amon-Ra St. Brown,7682.0,11,7857.0,10,7461.0,9,2,1.5
Drake Maye,6425.0,18,9079.0,6,8620.0,6,12,6.0
Joe Burrow,8166.0,6,7391.0,16,6939.0,15,10,-4.0
Jayden Daniels,7592.0,13,7573.0,12,7073.0,13,1,-0.5
Justin Jefferson,8032.0,8,7484.0,14,6897.0,16,8,-5.0
Ashton Jeanty,6609.0,17,7598.0,11,7140.0,12,6,2.0
CeeDee Lamb,7521.0,14,7162.0,19,6537.0,18,5,-1.5
Brock Bowers,4602.0,35,8290.0,8,7485.0,8,27,13.5
Malik Nabers,6217.0,19,7394.0,15,6484.0,19,4,-2.0
Jeremiyah Love,5946.0,22,7375.0,17,6960.0,14,8,5.5
Justin Herbert,7503.0,15,6980.0,22,5988.0,20,7,-1.5
Patrick Mahomes II,8439.0,5,6254.0,29,5381.0,24,24,-7.0
Drake London,5726.0,24,6987.0,21,5909.0,21,3,1.5
Jalen Hurts,7736.0,10,6084.0,33,5297.0,26,23,-4.5
Omarion Hampton,5438.0,27,7034.0,20,5892.0,22,7,1.5
Trey McBride,4209.0,41,7338.0,18,6599.0,17,24,12.5
Jaxson Dart,5960.0,21,6261.0,28,5289.0,28,7,-3.5
De'Von Achane,4689.0,32,6856.0,23,5771.0,23,9,4.5
Trevor Lawrence,6188.0,20,6238.0,30,4977.0,31,11,-6.0
Tetairoa McMillan,5176.0,28,6328.0,24,5048.0,29,5,-3.0
Jonathan Taylor,4538.0,37,6294.0,26,5290.0,27,11,4.5
James Cook III,4927.0,29,6185.0,31,4980.0,30,2,0.0
Bo Nix,5849.0,23,5953.0,35,4689.0,34,12,-5.0
Emeka Egbuka,4668.0,33,6323.0,25,4577.0,35,10,-6.0
George Pickens,4613.0,34,6154.0,32,4783.0,33,2,0.0
Brock Purdy,5659.0,26,5608.0,37,4369.0,38,12,-6.5
Colston Loveland,3312.0,54,6292.0,27,5368.0,25,29,15.5
Jordan Love,5659.0,25,5429.0,46,4186.0,41,21,-5.5
Carnell Tate,4131.0,42,5980.0,34,4453.0,37,8,1.0
Kenneth Walker III,4102.0,43,5591.0,39,4456.0,36,7,5.0
Nico Collins,4506.0,38,5582.0,41,4251.0,40,3,-0.5
Garrett Wilson,4790.0,31,5545.0,43,4010.0,46,15,-9.0
Chris Olave,4485.0,39,5603.0,38,4136.0,43,5,-4.5
Tyler Warren,2687.0,64,5928.0,36,4955.0,32,32,18.0
Dak Prescott,4858.0,30,4984.0,59,4049.0,45,29,-0.5
Ladd McConkey,3699.0,47,5588.0,40,3928.0,47,7,-3.5
Christian McCaffrey,3391.0,51,5366.0,49,4349.0,39,12,11.0
Breece Hall,4602.0,36,5249.0,52,3743.0,52,16,-8.0
Chase Brown,3175.0,56,5467.0,45,4137.0,42,14,8.5
A.J. Brown,4239.0,40,5073.0,57,3832.0,49,17,-0.5
Luther Burden III,3596.0,48,5559.0,42,3638.0,56,14,-11.0
DeVonta Smith,3787.0,45,5505.0,44,3618.0,57,13,-12.5
Fernando Mendoza,2952.0,59,5394.0,48,4099.0,44,15,9.5
Zay Flowers,3554.0,49,5366.0,50,3660.0,54,5,-4.5
Jordyn Tyson,3320.0,53,5350.0,51,3787.0,51,2,1.0
Cam Ward,2457.0,65,5143.0,55,3918.0,48,17,12.0
Quinshon Judkins,2263.0,69,5411.0,47,3742.0,53,22,5.0
Rome Odunze,3243.0,55,5225.0,53,3389.0,62,9,-8.0
Saquon Barkley,2317.0,68,5111.0,56,3818.0,50,18,12.0
Rashee Rice,2783.0,62,4988.0,58,3650.0,55,7,5.0
C.J. Stroud,4044.0,44,4674.0,73,3430.0,60,29,-1.5
TreVeyon Henderson,2423.0,66,5220.0,54,3539.0,58,12,2.0
Jaylen Waddle,3512.0,50,4900.0,63,3275.0,68,18,-11.5
Marvin Harrison Jr.,3778.0,46,4832.0,67,3180.0,71,25,-14.5
Jared Goff,3335.0,52,4653.0,74,3496.0,59,22,4.0
Tee Higgins,2796.0,61,4958.0,61,3307.0,66,5,-5.0
Makai Lemon,2897.0,60,4983.0,60,3136.0,73,13,-13.0
Tucker Kraft,2216.0,70,4899.0,64,3381.0,64,6,3.0
Baker Mayfield,2693.0,63,4647.0,75,3401.0,61,14,8.0
Tyler Shough,2195.0,71,4769.0,69,3387.0,63,8,7.0
Kyren Williams,1994.0,74,4877.0,65,3289.0,67,9,2.5
Sam LaPorta,3008.0,58,4564.0,77,3167.0,72,19,-4.5
Cam Skattebo,1679.0,78,4845.0,66,3342.0,65,13,7.0
Jadarian Price,1625.0,79,4922.0,62,3229.0,69,17,1.5
Harold Fannin Jr.,2119.0,73,4748.0,70,3210.0,70,3,1.5
Brian Thomas Jr.,1889.0,75,4813.0,68,3080.0,75,7,-3.5
Jameson Williams,2154.0,72,4681.0,72,2739.0,82,10,-10.0
Bucky Irving,1558.0,82,4701.0,71,3104.0,74,11,2.5
Kyler Murray,3029.0,57,3826.0,92,2764.0,80,35,-5.5
Javonte Williams,1602.0,80,4620.0,76,3060.0,76,4,2.0
Kyle Pitts Sr.,1711.0,77,4561.0,78,2936.0,78,1,-0.5
Travis Etienne Jr.,2361.0,67,4260.0,82,2604.0,85,18,-10.5
Sam Darnold,1572.0,81,4346.0,80,2744.0,81,1,-0.5
Derrick Henry,1172.0,92,4159.0,83,3032.0,77,15,10.5
KC Concepcion,1550.0,84,4263.0,81,2505.0,89,8,-6.5
Christian Watson,1719.0,76,3908.0,87,2279.0,94,18,-12.5
Matthew Stafford,1223.0,90,3860.0,91,2839.0,79,12,11.5
Bhayshul Tuten,1132.0,93,4429.0,79,2510.0,88,14,-2.0
Kenyon Sadiq,1391.0,88,3894.0,88,2589.0,86,2,2.0
Josh Jacobs,1020.0,99,4114.0,84,2734.0,83,16,8.5
Bryce Young,1121.0,94,3889.0,89,2610.0,84,10,7.5
Parker Washington,1116.0,95,4008.0,85,2564.0,87,10,3.0
Daniel Jones,1113.0,96,3923.0,86,2410.0,90,10,1.0
Malik Willis,1391.0,89,3698.0,96,2344.0,92,7,0.5
DJ Moore,1398.0,87,3588.0,100,2401.0,91,13,2.5
Jordan Addison,1180.0,91,3880.0,90,2095.0,102,12,-11.5
Alec Pierce,1418.0,85,3818.0,93,2003.0,110,25,-21.0
Terry McLaurin,1401.0,86,3507.0,102,2109.0,101,16,-7.0
D'Andre Swift,942.0,103,3750.0,95,2287.0,93,10,6.0
Michael Wilson,955.0,101,3765.0,94,2114.0,100,7,-2.5
Denzel Boston,795.0,111,3593.0,99,2215.0,95,16,10.0
Josh Downs,824.0,109,3640.0,98,2035.0,106,11,-2.5
Matthew Golden,636.0,121,3651.0,97,2163.0,96,25,13.0
Ty Simpson,870.0,106,3408.0,113,2135.0,97,16,12.5
DK Metcalf,1035.0,98,3449.0,108,1968.0,111,13,-8.0
David Montgomery,824.0,108,3449.0,107,2076.0,104,4,3.5
Omar Cooper Jr.,1018.0,100,3485.0,103,1853.0,118,18,-16.5
Eli Stowers,1040.0,97,3388.0,117,2019.0,108,20,-1.0
Isaiah Likely,779.0,113,3415.0,112,2135.0,98,15,14.5
Dalton Kincaid,1554.0,83,3142.0,129,1884.0,113,46,-7.0
Davante Adams,786.0,112,3431.0,110,2093.0,103,9,8.0
Wan'Dale Robinson,884.0,104,3451.0,106,1781.0,125,21,-20.0
Quentin Johnston,662.0,118,3448.0,109,2014.0,109,9,4.5
George Kittle,650.0,119,3361.0,119,2121.0,99,20,20.0
Jayden Higgins,799.0,110,3421.0,111,1813.0,120,10,-9.5
RJ Harvey,624.0,122,3371.0,118,2021.0,107,15,13.0
Jonathon Brooks,439.0,136,3511.0,101,1939.0,112,35,6.5
Mike Evans,750.0,114,3293.0,124,1874.0,114,10,5.0
Jaylen Warren,564.0,127,3348.0,120,2048.0,105,22,18.5
Michael Pittman Jr.,736.0,116,3396.0,115,1801.0,122,7,-6.5
Oronde Gadsden II,884.0,105,3342.0,122,1739.0,128,23,-14.5
Blake Corum,489.0,131,3470.0,105,1782.0,124,26,-6.0
Jayden Reed,644.0,120,3407.0,114,1736.0,129,15,-12.0
Kyle Monangai,513.0,130,3480.0,104,1692.0,131,27,-14.0
Xavier Worthy,662.0,117,3328.0,123,1743.0,127,10,-7.0
Travis Hunter,448.0,134,3345.0,121,1868.0,115,19,12.5
Courtland Sutton,741.0,115,3088.0,132,1768.0,126,17,-2.5
Jake Ferguson,597.0,125,3074.0,134,1862.0,117,17,12.5
Zach Charbonnet,454.0,133,3394.0,116,1684.0,133,17,-8.5
Chuba Hubbard,381.0,141,3175.0,126,1864.0,116,25,17.5
Jalen Coker,439.0,137,3170.0,127,1660.0,137,10,-5.0
De'Zhaun Stribling,336.0,147,3177.0,125,1680.0,134,22,2.0
Rico Dowdle,337.0,146,3098.0,131,1730.0,130,16,8.5
Brenton Strange,563.0,128,3065.0,135,1569.0,144,16,-12.5
Tua Tagovailoa,944.0,102,2597.0,176,1692.0,132,74,7.0
Jonah Coleman,303.0,149,3147.0,128,1675.0,135,21,3.5
Rhamondre Stevenson,410.0,139,3053.0,136,1620.0,139,3,-1.5
Antonio Williams,462.0,132,3028.0,137,1537.0,147,15,-12.5
Chris Godwin Jr.,553.0,129,2957.0,141,1526.0,150,21,-15.0
Michael Penix Jr.,623.0,123,2833.0,149,1536.0,148,26,-12.0
Jacory Croskey-Merritt,199.0,170,3085.0,133,1786.0,123,47,28.5
Chig Okonkwo,376.0,142,2860.0,148,1603.0,140,8,5.0
J.K. Dobbins,226.0,162,3106.0,130,1598.0,141,32,5.0
Jakobi Meyers,589.0,126,2940.0,144,1425.0,164,38,-29.0
Romeo Doubs,436.0,138,3008.0,138,1448.0,159,21,-21.0
Kenny Gainwell,271.0,158,2961.0,140,1633.0,138,20,11.0
Carson Beck,216.0,164,2805.0,154,1830.0,119,45,40.0
Shedeur Sanders,280.0,154,2655.0,164,1812.0,121,43,38.0
Khalil Shakir,402.0,140,2867.0,146,1483.0,154,14,-11.0
Mark Andrews,341.0,145,2693.0,160,1586.0,143,17,9.5
Jalen McMillan,275.0,155,2990.0,139,1433.0,162,23,-15.0
Tony Pollard,295.0,150,2757.0,156,1503.0,151,6,2.0
Chris Bell,351.0,144,2950.0,143,1354.0,172,29,-28.5
AJ Barner,272.0,156,2735.0,158,1538.0,146,12,11.0
J.J. McCarthy,354.0,143,2562.0,183,1660.0,136,47,27.0
Terrance Ferguson,206.0,166,2815.0,151,1565.0,145,21,13.5
Rashid Shaheed,280.0,153,2861.0,147,1425.0,163,16,-13.0
Nicholas Singleton,166.0,177,2957.0,142,1530.0,149,35,10.5
Ricky Pearsall,600.0,124,2541.0,187,1435.0,161,63,-5.5
Stefon Diggs,192.0,172,2827.0,150,1501.0,153,22,8.0
Dallas Goedert,303.0,148,2628.0,172,1459.0,158,24,2.0
Zachariah Branch,163.0,178,2892.0,145,1464.0,156,33,5.5
Rachaad White,235.0,161,2810.0,153,1417.0,165,12,-8.0
Tre' Harris,283.0,152,2686.0,161,1346.0,174,22,-17.5
Jordan Mason,159.0,180,2796.0,155,1479.0,155,25,12.5
Travis Kelce,210.0,165,2557.0,184,1593.0,142,42,32.5
Germie Bernard,271.0,157,2814.0,152,1194.0,190,38,-35.5
T.J. Hockenson,199.0,169,2609.0,174,1462.0,157,17,14.5
Woody Marks,187.0,175,2740.0,157,1348.0,173,18,-7.0
Jacoby Brissett,259.0,160,2537.0,188,1446.0,160,28,14.0
Tyler Allgeier,188.0,174,2702.0,159,1329.0,179,20,-12.5
Ja'Kobi Lane,92.0,205,2662.0,163,1503.0,152,53,32.0
Tyrone Tracy Jr.,160.0,179,2590.0,178,1399.0,169,10,9.5
Gunnar Helm,152.0,182,2588.0,179,1416.0,166,16,14.5
Chris Rodriguez Jr.,124.0,189,2643.0,167,1289.0,183,22,-5.0
Juwan Johnson,206.0,167,2351.0,203,1384.0,171,36,14.0
Ted Hurst III,195.0,171,2595.0,177,1166.0,198,27,-24.0
Malachi Fields,118.0,193,2641.0,168,1261.0,185,25,-4.5
Dylan Sampson,131.0,188,2632.0,170,1177.0,193,23,-14.0
Pat Bryant,118.0,192,2535.0,189,1396.0,170,22,20.5
Keaton Mitchell,87.0,208,2645.0,165,1310.0,182,43,4.5
Adonai Mitchell,134.0,186,2583.0,180,1210.0,189,9,-6.0
Tank Dell,80.0,213,2643.0,166,1336.0,176,47,13.5
Geno Smith,269.0,159,2160.0,229,1414.0,167,70,27.0
Isaac TeSlaa,115.0,194,2673.0,162,1140.0,203,41,-25.0
Hunter Henry,145.0,183,2326.0,205,1337.0,175,30,19.0
Kayshon Boutte,133.0,187,2601.0,175,1158.0,201,26,-20.0
Deebo Samuel Sr.,107.0,197,2401.0,200,1400.0,168,32,30.5
Tank Bigsby,75.0,219,2640.0,169,1329.0,178,50,16.0
Elijah Sarratt,177.0,176,2631.0,171,919.0,220,49,-46.5
Anthony Richardson Sr.,832.0,107,2006.0,249,968.0,216,142,-38.0
Jaylin Noel,190.0,173,2568.0,182,940.0,219,46,-41.5
Jalen Nailor,108.0,195,2514.0,191,1213.0,188,7,5.0
Jerry Jeudy,143.0,184,2464.0,196,1173.0,196,12,-6.0
Jauan Jennings,216.0,163,2293.0,211,1084.0,210,48,-23.0
Mac Jones,153.0,181,2502.0,192,989.0,215,34,-28.5
Aaron Jones Sr.,99.0,201,2302.0,209,1216.0,187,22,18.0
Tory Horton,76.0,217,2580.0,181,1158.0,200,36,-1.0
Malik Washington,53.0,234,2625.0,173,1181.0,192,61,11.5
Eli Raridon,100.0,199,2232.0,221,1327.0,180,41,30.0
Braelon Allen,78.0,215,2556.0,185,1149.0,202,30,-2.0
Aaron Rodgers,204.0,168,1969.0,253,1313.0,181,85,29.5
Troy Franklin,121.0,191,2496.0,195,954.0,218,27,-25.0
Tyjae Spears,82.0,210,2500.0,193,1140.0,204,17,-2.5
Dontayvion Wicks,67.0,224,2550.0,186,1165.0,199,38,6.0
Emmett Johnson,135.0,185,2442.0,198,867.0,228,43,-36.5
Greg Dulcich,98.0,202,2314.0,208,1023.0,212,10,-7.0
Isiah Pacheco,75.0,218,2280.0,213,1177.0,194,24,21.5
Skyler Bell,108.0,196,2355.0,202,848.0,230,34,-31.0
Brian Robinson Jr.,57.0,231,2362.0,201,1170.0,197,34,19.0
Tre Tucker,59.0,226,2515.0,190,915.0,221,36,-13.0
Keon Coleman,54.0,232,2300.0,210,1175.0,195,37,26.0
Elic Ayomanor,81.0,211,2445.0,197,846.0,231,34,-27.0
Deshaun Watson,122.0,190,1895.0,263,1240.0,186,77,40.5
Dalton Schultz,99.0,200,2145.0,233,1116.0,207,33,9.5
Kaytron Allen,89.0,206,2499.0,194,748.0,240,46,-40.0
Cade Otton,69.0,222,2271.0,215,1136.0,205,17,13.5
Mike Washington Jr.,81.0,212,2321.0,206,868.0,227,21,-18.0
Mason Taylor,88.0,207,2258.0,217,870.0,226,19,-14.0
Jack Bech,85.0,209,2274.0,214,861.0,229,20,-17.5
Alvin Kamara,58.0,228,2092.0,238,1192.0,191,47,42.0
Elijah Arroyo,59.0,227,2442.0,199,846.0,232,33,-19.0
Chris Brazzell II,97.0,203,2349.0,204,612.0,253,50,-49.5
David Njoku,66.0,225,2236.0,220,962.0,217,8,5.5
Demond Claiborne,51.0,236,2255.0,218,1088.0,209,27,18.0
Kirk Cousins,67.0,223,1923.0,258,1276.0,184,74,56.5
Cyrus Allen,26.0,269,2228.0,223,1334.0,177,92,69.0
Max Klare,96.0,204,2205.0,225,710.0,242,38,-27.5
Kaleb Johnson,57.0,230,2162.0,228,999.0,214,16,15.0
Ollie Gordon II,39.0,247,2318.0,207,903.0,222,40,5.0
Kaelon Black,43.0,243,2230.0,222,1065.0,211,32,21.5
Pat Freiermuth,73.0,221,2146.0,232,893.0,224,11,2.5
Jaydon Blue,27.0,263,2291.0,212,1088.0,208,55,29.5
MarShawn Lloyd,40.0,246,2146.0,231,1119.0,206,40,32.5
Oscar Delp,103.0,198,2106.0,236,654.0,249,51,-32.0
Kimani Vidal,48.0,240,2241.0,219,871.0,225,21,4.5
Brandon Aiyuk,446.0,135,1333.0,318,833.0,233,183,-6.5
Drew Allar,53.0,235,2126.0,235,895.0,223,12,12.0
Chimere Dike,73.0,220,2181.0,227,677.0,247,27,-23.5
Caleb Douglas,32.0,256,2193.0,226,1016.0,213,43,28.0
Jaylen Wright,28.0,261,2265.0,216,831.0,234,45,4.5
Tyreek Hill,289.0,151,1266.0,325,817.0,236,174,2.0
Cade Klubnik,77.0,216,1884.0,264,767.0,237,48,3.0
Justin Fields,79.0,214,1881.0,266,765.0,238,52,2.0
Ryan Flournoy,57.0,229,2010.0,248,684.0,245,19,-6.5
Theo Johnson,35.0,250,2089.0,239,821.0,235,15,9.5
Michael Mayer,46.0,241,2097.0,237,659.0,248,11,-9.0
Kyle Williams,53.0,233,2076.0,240,607.0,254,21,-17.5
Trey Benson,34.0,251,2033.0,244,680.0,246,7,1.5
Ray Davis,36.0,249,1947.0,256,756.0,239,17,13.5
Sean Tucker,34.0,252,2139.0,234,548.0,261,27,-18.0
Jordan James,26.0,267,2158.0,230,620.0,251,37,-2.5
Rashod Bateman,42.0,244,2024.0,246,557.0,259,15,-14.0
Darnell Mooney,49.0,238,1954.0,255,508.0,263,25,-16.5
Jalen Milroe,16.0,290,2215.0,224,689.0,244,66,13.0
Justin Joly,44.0,242,1871.0,268,654.0,250,26,5.0
Marvin Mims Jr.,38.0,248,2031.0,245,396.0,271,26,-24.5
Jake Tonges,21.0,276,2017.0,247,728.0,241,35,20.5
Tez Johnson,31.0,257,2050.0,241,415.0,268,27,-19.0
Colby Parkinson,27.0,264,1988.0,250,562.0,258,14,-1.0
Calvin Ridley,49.0,239,1710.0,285,614.0,252,46,10.0
Bryce Lance,50.0,237,1801.0,276,430.0,267,39,-10.5
Kevin Coleman Jr.,34.0,253,2050.0,242,249.0,295,53,-47.5
Xavier Legette,29.0,259,1907.0,262,410.0,269,10,-8.5
DJ Giddens,18.0,285,1984.0,251,574.0,256,34,12.0
Brenen Thompson,40.0,245,1810.0,274,333.0,281,36,-21.5
James Conner,29.0,260,1724.0,283,553.0,260,23,11.5
Christian Kirk,33.0,255,1784.0,278,388.0,272,23,-5.5
Cooper Kupp,21.0,275,1680.0,288,693.0,243,45,38.5
Emanuel Wilson,34.0,254,1789.0,277,365.0,275,23,-9.5
LeQuint Allen Jr.,13.0,300,2033.0,243,475.0,265,57,6.5
Isaiah Bond,20.0,278,1956.0,254,339.0,280,26,-14.0
Ja'Tavion Sanders,17.0,287,1974.0,252,374.0,273,35,-3.5
Devin Neal,28.0,262,1884.0,265,305.0,285,23,-21.5
Evan Engram,21.0,277,1764.0,280,593.0,255,25,23.5
Jalen Royals,24.0,270,1817.0,273,369.0,274,4,-2.5
Isaiah Davis,18.0,282,1864.0,270,469.0,266,16,10.0
Adam Randall,22.0,272,1654.0,294,565.0,257,37,26.0
Cole Kmet,21.0,273,1920.0,259,216.0,304,45,-38.0
DeMario Douglas,26.0,268,1871.0,267,217.0,303,36,-35.5
Eli Heidenreich,20.0,281,1758.0,281,360.0,276,5,5.0
Trevor Etienne,15.0,293,1911.0,261,300.0,286,32,-9.0
Darnell Washington,24.0,271,1868.0,269,222.0,301,32,-31.0
Zavion Thomas,11.0,309,1851.0,272,476.0,264,45,26.5
Tyquan Thornton,20.0,279,1779.0,279,256.0,292,13,-13.0
Dont'e Thornton Jr.,10.0,316,1916.0,260,351.0,278,56,10.0
Will Howard,18.0,284,1714.0,284,290.0,287,3,-3.0
Garrett Nussmeier,29.0,258,1444.0,311,263.0,291,53,-6.5
Quinn Ewers,17.0,289,1687.0,287,285.0,289,2,-1.0
Taylen Green,26.0,266,1330.0,319,308.0,284,53,8.5
Jalen Tolbert,18.0,283,1809.0,275,168.0,312,37,-33.0
Ben Sinnott,20.0,280,1735.0,282,192.0,308,28,-27.0
Jaylin Lane,11.0,314,1929.0,257,224.0,300,57,-14.5
Cedric Tillman,26.0,265,1706.0,286,140.0,322,57,-46.5
Brashard Smith,16.0,291,1666.0,290,250.0,294,4,-3.5
George Holani,12.0,307,1622.0,297,355.0,277,30,25.0
Tahj Brooks,14.0,297,1575.0,299,243.0,297,2,1.0
Joe Milton III,15.0,295,1529.0,302,213.0,305,10,-6.5
Devaughn Vele,21.0,274,1409.0,314,157.0,315,41,-21.0
Andrei Iosivas,14.0,299,1620.0,298,205.0,306,8,-7.5
Barion Brown,6.0,329,1485.0,305,406.0,270,59,47.0
Kendre Miller,14.0,298,1678.0,289,153.0,318,29,-24.5
Savion Williams,10.0,317,1656.0,293,247.0,296,24,9.0
Justice Hill,10.0,315,1485.0,306,285.0,288,27,22.5
Jarquez Hunter,17.0,288,1518.0,303,144.0,320,32,-24.5
Keenan Allen,16.0,292,1210.0,331,270.0,290,41,21.5
Roman Wilson,3.0,344,1864.0,271,235.0,299,73,8.5
Luke McCaffrey,12.0,304,1648.0,295,155.0,317,22,-17.5
Malik Benson,10.0,318,1067.0,340,528.0,262,78,67.0
Jameis Winston,15.0,294,1219.0,330,237.0,298,36,14.0
Darius Slayton,12.0,305,1513.0,304,160.0,314,10,-9.5
Riley Leonard,3.0,345,1573.0,300,341.0,279,66,43.5
CJ Daniels,11.0,312,1129.0,335,325.0,283,52,40.5
Malik Davis,11.0,310,1427.0,312,185.0,309,3,2.0
Marcus Mariota,15.0,296,1025.0,342,252.0,293,49,26.0
Matt Hibner,12.0,306,914.0,345,330.0,282,63,43.5
Najee Harris,18.0,286,1016.0,343,195.0,307,57,7.5
Noah Gray,6.0,328,1540.0,301,180.0,310,27,4.5
Spencer Rattler,8.0,321,1463.0,308,161.0,313,13,1.5
Dawson Knox,7.0,326,1627.0,296,143.0,321,30,-10.0
Calvin Austin III,12.0,308,1398.0,315,111.0,326,18,-14.5
John Metchie III,7.0,325,1376.0,316,174.0,311,14,9.5
Jerome Ford,11.0,311,1352.0,317,101.0,328,17,-14.0
Isaac Guerendo,12.0,303,1327.0,320,78.0,334,31,-22.5
Will Shipley,11.0,313,1457.0,309,72.0,337,28,-26.0
Devin Singletary,13.0,301,1248.0,327,93.0,332,31,-18.0
KeAndre Lambert-Smith,6.0,327,1444.0,310,95.0,330,20,-11.5
Emari Demercado,8.0,320,1182.0,333,146.0,319,14,7.5
Xavier Hutchinson,3.0,340,1660.0,292,59.0,341,49,-25.0
Luke Musgrave,5.0,333,1661.0,291,12.0,349,58,-37.0
Joshua Palmer,8.0,322,1469.0,307,33.0,344,37,-29.5
Samaje Perine,12.0,302,795.0,348,102.0,327,46,-2.0
Cole Payton,9.0,319,861.0,346,155.0,316,30,16.5
Jordan Whittington,6.0,330,1412.0,313,54.0,342,29,-20.5
Olamide Zaccheaus,4.0,336,1281.0,324,99.0,329,12,1.0
Joe Flacco,3.0,346,929.0,344,221.0,302,44,43.0
Ty Johnson,5.0,332,1255.0,326,77.0,335,9,-6.0
Tai Felton,4.0,339,1293.0,323,92.0,333,16,-2.0
Raheim Sanders,4.0,337,1151.0,334,112.0,325,12,10.5
Damien Martinez,4.0,338,1300.0,322,75.0,336,16,-6.0
Davis Mills,3.0,343,1186.0,332,132.0,324,19,13.5
Roschon Johnson,4.0,334,1325.0,321,32.0,345,24,-17.5
KaVontae Turpin,6.0,331,1100.0,338,63.0,338,7,-3.5
Will Levis,2.0,349,1129.0,336,135.0,323,26,19.5
Phil Mafah,3.0,341,1231.0,329,62.0,339,12,-4.0
Dillon Gabriel,3.0,342,1122.0,337,95.0,331,11,8.5
Mack Hollins,7.0,324,1041.0,341,22.0,347,23,-14.5
Kendrick Bourne,3.0,347,1233.0,328,62.0,340,19,-2.5
Jonnu Smith,7.0,323,669.0,349,16.0,348,26,-12.0
Jawhar Jordan,4.0,335,846.0,347,23.0,346,12,-5.0
Gardner Minshew II,2.0,348,1088.0,339,53.0,343,9,0.5
