transaction_id,type,status,created,status_updated,week,creator,roster_id,waiver_bid,sequence,priority,notes,action,player_id,target_roster_id,created_dt,status_updated_dt,team_name
1271362708515614720,waiver,complete,1757478999789,1757487966656,1,1129843037888204800,5,5,1,,Your waiver claim was processed successfully!,add,11806,5,2025-09-10 04:36:39.789,2025-09-10 07:06:06.656,Mommy Rainier 
1271362708515614720,waiver,complete,1757478999789,1757487966656,1,1129843037888204800,5,5,1,,Your waiver claim was processed successfully!,drop,6828,5,2025-09-10 04:36:39.789,2025-09-10 07:06:06.656,Mommy Rainier 
1271335707591340032,waiver,complete,1757472562267,1757487966656,1,867921673234632704,2,8,0,,Your waiver claim was processed successfully!,add,5857,2,2025-09-10 02:49:22.267,2025-09-10 07:06:06.656,Like a Good Naber
1271335707591340032,waiver,complete,1757472562267,1757487966656,1,867921673234632704,2,8,0,,Your waiver claim was processed successfully!,drop,4171,2,2025-09-10 02:49:22.267,2025-09-10 07:06:06.656,Like a Good Naber
1271302003452022784,waiver,failed,1757464526574,1757487966656,1,867921673234632704,2,0,4,,"Unfortunately, your roster will have too many players after this transaction.",add,7527,2,2025-09-10 00:35:26.574,2025-09-10 07:06:06.656,Like a Good Naber
1271302003452022784,waiver,failed,1757464526574,1757487966656,1,867921673234632704,2,0,4,,"Unfortunately, your roster will have too many players after this transaction.",drop,4171,2,2025-09-10 00:35:26.574,2025-09-10 07:06:06.656,Like a Good Naber
1271207335246725120,waiver,complete,1757441955915,1757487966656,1,1129475833942372352,9,5,2,,Your waiver claim was processed successfully!,add,8698,9,2025-09-09 18:19:15.915,2025-09-10 07:06:06.656,Gaeta Spur FC
1271027788979109888,waiver,failed,1757399148749,1757487966656,1,1129843037888204800,5,0,5,,This player was claimed by another owner.,add,8698,5,2025-09-09 06:25:48.749,2025-09-10 07:06:06.656,Mommy Rainier 
1271027788979109888,waiver,failed,1757399148749,1757487966656,1,1129843037888204800,5,0,5,,This player was claimed by another owner.,drop,11068,5,2025-09-09 06:25:48.749,2025-09-10 07:06:06.656,Mommy Rainier 
1270561065612091392,waiver,failed,1757287873226,1757487966656,1,1115878936925294592,8,3,3,,This player was claimed by another owner.,add,5857,8,2025-09-07 23:31:13.226,2025-09-10 07:06:06.656,TRIPS 🔥
1269454728484368384,waiver,complete,1757024101900,1757052384160,1,867921673234632704,2,0,0,,Your waiver claim was processed successfully!,add,4381,2,2025-09-04 22:15:01.900,2025-09-05 06:06:24.160,Like a Good Naber
1269454728484368384,waiver,complete,1757024101900,1757052384160,1,867921673234632704,2,0,0,,Your waiver claim was processed successfully!,drop,2309,2,2025-09-04 22:15:01.900,2025-09-05 06:06:24.160,Like a Good Naber
1269039036983414784,waiver,complete,1756924993323,1756965969470,1,870177576986034176,1,0,2,1.0,Your waiver claim was processed successfully!,add,4718,1,2025-09-03 18:43:13.323,2025-09-04 06:06:09.470,208 Ferrari Way
1269038908973252608,waiver,complete,1756924962803,1756965969470,1,870177576986034176,1,0,1,0.0,Your waiver claim was processed successfully!,add,3200,1,2025-09-03 18:42:42.803,2025-09-04 06:06:09.470,208 Ferrari Way
1269038854661214208,waiver,failed,1756924949854,1756965969470,1,870177576986034176,1,0,5,4.0,"Unfortunately, your roster will have too many players after this transaction.",add,8917,1,2025-09-03 18:42:29.854,2025-09-04 06:06:09.470,208 Ferrari Way
1269038830074216448,waiver,complete,1756924943992,1756965969470,1,870177576986034176,1,0,3,2.0,Your waiver claim was processed successfully!,add,2197,1,2025-09-03 18:42:23.992,2025-09-04 06:06:09.470,208 Ferrari Way
1269038812097413120,waiver,failed,1756924939706,1756965969470,1,870177576986034176,1,0,4,3.0,"Unfortunately, your roster will have too many players after this transaction.",add,11633,1,2025-09-03 18:42:19.706,2025-09-04 06:06:09.470,208 Ferrari Way
1268958444832964608,waiver,complete,1756905778658,1756965969470,1,865815956675538944,7,0,0,,Your waiver claim was processed successfully!,add,11650,7,2025-09-03 13:22:58.658,2025-09-04 06:06:09.470,2-Man Title Charge
1268958444832964608,waiver,complete,1756905778658,1756965969470,1,865815956675538944,7,0,0,,Your waiver claim was processed successfully!,drop,12634,7,2025-09-03 13:22:58.658,2025-09-04 06:06:09.470,2-Man Title Charge
1268846381297041408,waiver,complete,1756879060629,1756879577145,1,1124978574760521728,12,0,2,,Your waiver claim was processed successfully!,add,4219,12,2025-09-03 05:57:40.629,2025-09-03 06:06:17.145,Paper Tigers
1268653994075504640,waiver,complete,1756833191942,1756879577145,1,1115878936925294592,8,2,0,,Your waiver claim was processed successfully!,add,7567,8,2025-09-02 17:13:11.942,2025-09-03 06:06:17.145,TRIPS 🔥
1268620001334538240,waiver,complete,1756825087439,1756879577145,1,596536664185163776,3,0,1,,Your waiver claim was processed successfully!,add,8123,3,2025-09-02 14:58:07.439,2025-09-03 06:06:17.145,Bucky’s Depression
1266463317904343040,waiver,complete,1756310894041,1756361120088,1,870177576986034176,1,0,0,,Your waiver claim was processed successfully!,add,6039,1,2025-08-27 16:08:14.041,2025-08-28 06:05:20.088,208 Ferrari Way
1266463317904343040,waiver,complete,1756310894041,1756361120088,1,870177576986034176,1,0,0,,Your waiver claim was processed successfully!,drop,8160,1,2025-08-27 16:08:14.041,2025-08-28 06:05:20.088,208 Ferrari Way
1266177570274025472,waiver,complete,1756242766496,1756274703564,1,1129475833942372352,9,0,0,,Your waiver claim was processed successfully!,add,5010,9,2025-08-26 21:12:46.496,2025-08-27 06:05:03.564,Gaeta Spur FC
1264874294756769792,waiver,complete,1755932041399,1756015522844,1,1124978574760521728,12,0,0,,Your waiver claim was processed successfully!,add,9504,12,2025-08-23 06:54:01.399,2025-08-24 06:05:22.844,Paper Tigers
1264368019539243008,waiver,complete,1755811335981,1755842704717,1,1129843037888204800,5,0,0,,Your waiver claim was processed successfully!,add,12472,5,2025-08-21 21:22:15.981,2025-08-22 06:05:04.717,Mommy Rainier 
1264368019539243008,waiver,complete,1755811335981,1755842704717,1,1129843037888204800,5,0,0,,Your waiver claim was processed successfully!,drop,1837,5,2025-08-21 21:22:15.981,2025-08-22 06:05:04.717,Mommy Rainier 
1263391665486303232,waiver,complete,1755578555035,1755583481602,1,1129843037888204800,5,0,3,,Your waiver claim was processed successfully!,add,11068,5,2025-08-19 04:42:35.035,2025-08-19 06:04:41.602,Mommy Rainier 
1263337593961975808,waiver,complete,1755565663380,1755583481602,1,1124978574760521728,12,9,0,,Your waiver claim was processed successfully!,add,10219,12,2025-08-19 01:07:43.380,2025-08-19 06:04:41.602,Paper Tigers
1263337593961975808,waiver,complete,1755565663380,1755583481602,1,1124978574760521728,12,9,0,,Your waiver claim was processed successfully!,drop,9504,12,2025-08-19 01:07:43.380,2025-08-19 06:04:41.602,Paper Tigers
1263312625308008449,waiver,complete,1755559710389,1755583481602,1,1115878936925294592,8,7,1,,Your waiver claim was processed successfully!,add,8147,8,2025-08-18 23:28:30.389,2025-08-19 06:04:41.602,TRIPS 🔥
1263312625308008449,waiver,complete,1755559710389,1755583481602,1,1115878936925294592,8,7,1,,Your waiver claim was processed successfully!,drop,11619,8,2025-08-18 23:28:30.389,2025-08-19 06:04:41.602,TRIPS 🔥
1263271906564382720,waiver,failed,1755550002284,1755583481602,1,870177576986034176,1,0,2,,This player was claimed by another owner.,add,8147,1,2025-08-18 20:46:42.284,2025-08-19 06:04:41.602,208 Ferrari Way
1263271906564382720,waiver,failed,1755550002284,1755583481602,1,870177576986034176,1,0,2,,This player was claimed by another owner.,drop,8160,1,2025-08-18 20:46:42.284,2025-08-19 06:04:41.602,208 Ferrari Way
1263019687222972416,waiver,failed,1755489868507,1755497133934,1,1112526078167375872,6,0,2,,This player was claimed by another owner.,add,6271,6,2025-08-18 04:04:28.507,2025-08-18 06:05:33.934,Mostly Washed
1263019687222972416,waiver,failed,1755489868507,1755497133934,1,1112526078167375872,6,0,2,,This player was claimed by another owner.,drop,8188,6,2025-08-18 04:04:28.507,2025-08-18 06:05:33.934,Mostly Washed
1262963080371904512,waiver,complete,1755476372382,1755497133934,1,1051659324998668288,4,2,1,,Your waiver claim was processed successfully!,add,6271,4,2025-08-18 00:19:32.382,2025-08-18 06:05:33.934,Spirit Halloween
1262799229160525824,waiver,complete,1755437307209,1755497133934,1,1129475833942372352,9,5,0,,Your waiver claim was processed successfully!,add,11435,9,2025-08-17 13:28:27.209,2025-08-18 06:05:33.934,Gaeta Spur FC
1262799229160525824,waiver,complete,1755437307209,1755497133934,1,1129475833942372352,9,5,0,,Your waiver claim was processed successfully!,drop,4149,9,2025-08-17 13:28:27.209,2025-08-18 06:05:33.934,Gaeta Spur FC
1262586014472339456,waiver,complete,1755386472866,1755410724562,1,1051659324998668288,4,0,0,,Your waiver claim was processed successfully!,add,12889,4,2025-08-16 23:21:12.866,2025-08-17 06:05:24.562,Spirit Halloween
1262537063748608000,waiver,complete,1755374802103,1755410724562,1,1129475833942372352,9,0,1,,Your waiver claim was processed successfully!,add,4149,9,2025-08-16 20:06:42.103,2025-08-17 06:05:24.562,Gaeta Spur FC
1260050912425029632,waiver,complete,1754782057438,1754805918798,1,865815956675538944,7,0,0,,Your waiver claim was processed successfully!,add,12544,7,2025-08-09 23:27:37.438,2025-08-10 06:05:18.798,2-Man Title Charge
1259348100531638272,waiver,complete,1754614494025,1754633099628,1,1112526078167375872,6,0,3,,Your waiver claim was processed successfully!,add,9497,6,2025-08-08 00:54:54.025,2025-08-08 06:04:59.628,Mostly Washed
1259345329958952960,waiver,complete,1754613833469,1754633099628,1,1112526078167375872,6,0,1,,Your waiver claim was processed successfully!,add,8188,6,2025-08-08 00:43:53.469,2025-08-08 06:04:59.628,Mostly Washed
1259307091823177728,waiver,complete,1754604716786,1754633099628,1,596536664185163776,3,0,2,,Your waiver claim was processed successfully!,add,5955,3,2025-08-07 22:11:56.786,2025-08-08 06:04:59.628,Bucky’s Depression
1259159078706368512,waiver,complete,1754569427709,1754633099628,1,1129475833942372352,9,2,0,,Your waiver claim was processed successfully!,add,4147,9,2025-08-07 12:23:47.709,2025-08-08 06:04:59.628,Gaeta Spur FC
1259159078706368512,waiver,complete,1754569427709,1754633099628,1,1129475833942372352,9,2,0,,Your waiver claim was processed successfully!,drop,2197,9,2025-08-07 12:23:47.709,2025-08-08 06:04:59.628,Gaeta Spur FC
1258581489616957440,waiver,complete,1754431719740,1754460290847,1,1051659324998668288,4,0,0,,Your waiver claim was processed successfully!,add,12718,4,2025-08-05 22:08:39.740,2025-08-06 06:04:50.847,Spirit Halloween
1254481614327529472,waiver,complete,1753454233298,1753509916616,1,1051659324998668288,4,0,0,,Your waiver claim was processed successfully!,add,12036,4,2025-07-25 14:37:13.298,2025-07-26 06:05:16.616,Spirit Halloween
1254481614327529472,waiver,complete,1753454233298,1753509916616,1,1051659324998668288,4,0,0,,Your waiver claim was processed successfully!,drop,11729,4,2025-07-25 14:37:13.298,2025-07-26 06:05:16.616,Spirit Halloween
1254183903904673792,waiver,complete,1753383253603,1753423522942,1,1129843037888204800,5,0,1,,Your waiver claim was processed successfully!,add,1837,5,2025-07-24 18:54:13.603,2025-07-25 06:05:22.942,Mommy Rainier 
1254176314219311104,waiver,complete,1753381444081,1753423522942,1,1129843037888204800,5,0,0,,Your waiver claim was processed successfully!,add,827,5,2025-07-24 18:24:04.081,2025-07-25 06:05:22.942,Mommy Rainier 
1253454292136759296,waiver,complete,1753209300601,1753250672528,1,1124774814427832320,11,0,0,,Your waiver claim was processed successfully!,add,11603,11,2025-07-22 18:35:00.601,2025-07-23 06:04:32.528,On To 2026
1251031164181819392,waiver,complete,1752631581877,1752645890512,1,1129843037888204800,5,0,0,,Your waiver claim was processed successfully!,add,9230,5,2025-07-16 02:06:21.877,2025-07-16 06:04:50.512,Mommy Rainier 
1251031164181819392,waiver,complete,1752631581877,1752645890512,1,1129843037888204800,5,0,0,,Your waiver claim was processed successfully!,drop,12478,5,2025-07-16 02:06:21.877,2025-07-16 06:04:50.512,Mommy Rainier 
1248679212303269888,waiver,complete,1752070832852,1752127474238,1,1124774814427832320,11,0,1,,Your waiver claim was processed successfully!,add,7002,11,2025-07-09 14:20:32.852,2025-07-10 06:04:34.238,On To 2026
1248678879090982912,waiver,complete,1752070753409,1752127474238,1,1124774814427832320,11,0,0,,Your waiver claim was processed successfully!,add,8143,11,2025-07-09 14:19:13.409,2025-07-10 06:04:34.238,On To 2026
1248385565796085760,waiver,complete,1752000822070,1752041094793,1,1124774814427832320,11,0,0,,Your waiver claim was processed successfully!,add,12516,11,2025-07-08 18:53:42.070,2025-07-09 06:04:54.793,On To 2026
1248385565796085760,waiver,complete,1752000822070,1752041094793,1,1124774814427832320,11,0,0,,Your waiver claim was processed successfully!,drop,7568,11,2025-07-08 18:53:42.070,2025-07-09 06:04:54.793,On To 2026
1247980210494644224,waiver,complete,1751904177835,1751954688098,1,865815956675538944,7,0,0,,Your waiver claim was processed successfully!,add,12634,7,2025-07-07 16:02:57.835,2025-07-08 06:04:48.098,2-Man Title Charge
1247980210494644224,waiver,complete,1751904177835,1751954688098,1,865815956675538944,7,0,0,,Your waiver claim was processed successfully!,drop,8143,7,2025-07-07 16:02:57.835,2025-07-08 06:04:48.098,2-Man Title Charge
1246953458309791744,waiver,complete,1751659381038,1751695477566,1,1124978574760521728,12,1,0,,Your waiver claim was processed successfully!,add,12670,12,2025-07-04 20:03:01.038,2025-07-05 06:04:37.566,Paper Tigers
1246953458309791744,waiver,complete,1751659381038,1751695477566,1,1124978574760521728,12,1,0,,Your waiver claim was processed successfully!,drop,12810,12,2025-07-04 20:03:01.038,2025-07-05 06:04:37.566,Paper Tigers
1245957558305300480,waiver,complete,1751421939974,1751436308102,1,596536664185163776,3,46,0,,Your waiver claim was processed successfully!,add,2505,3,2025-07-02 02:05:39.974,2025-07-02 06:05:08.102,Bucky’s Depression
1245957558305300480,waiver,complete,1751421939974,1751436308102,1,596536664185163776,3,46,0,,Your waiver claim was processed successfully!,drop,3286,3,2025-07-02 02:05:39.974,2025-07-02 06:05:08.102,Bucky’s Depression
1245886087683899392,waiver,failed,1751404900050,1751436308102,1,1124978574760521728,12,11,2,,This player was claimed by another owner.,add,2505,12,2025-07-01 21:21:40.050,2025-07-02 06:05:08.102,Paper Tigers
1245886087683899392,waiver,failed,1751404900050,1751436308102,1,1124978574760521728,12,11,2,,This player was claimed by another owner.,drop,12810,12,2025-07-01 21:21:40.050,2025-07-02 06:05:08.102,Paper Tigers
1245797012855607296,waiver,failed,1751383662956,1751436308102,1,1115878936925294592,8,1,4,,This player was claimed by another owner.,add,2505,8,2025-07-01 15:27:42.956,2025-07-02 06:05:08.102,TRIPS 🔥
1245796521492889600,waiver,failed,1751383545806,1751436308102,1,725577957241896960,10,31,1,,This player was claimed by another owner.,add,2505,10,2025-07-01 15:25:45.806,2025-07-02 06:05:08.102,Rashid Shaheed Truthers
1245796521492889600,waiver,failed,1751383545806,1751436308102,1,725577957241896960,10,31,1,,This player was claimed by another owner.,drop,5096,10,2025-07-01 15:25:45.806,2025-07-02 06:05:08.102,Rashid Shaheed Truthers
1245794389486211072,waiver,failed,1751383037495,1751436308102,1,1124774814427832320,11,3,3,,This player was claimed by another owner.,add,2505,11,2025-07-01 15:17:17.495,2025-07-02 06:05:08.102,On To 2026
1245794389486211072,waiver,failed,1751383037495,1751436308102,1,1124774814427832320,11,3,3,,This player was claimed by another owner.,drop,7568,11,2025-07-01 15:17:17.495,2025-07-02 06:05:08.102,On To 2026
1243612883997167616,waiver,complete,1750862926057,1750917874575,1,865815956675538944,7,0,0,,Your waiver claim was processed successfully!,add,12544,7,2025-06-25 14:48:46.057,2025-06-26 06:04:34.575,2-Man Title Charge
1242535076957270016,waiver,complete,1750605956834,1750658693384,1,725577957241896960,10,0,0,,Your waiver claim was processed successfully!,add,4993,10,2025-06-22 15:25:56.834,2025-06-23 06:04:53.384,Rashid Shaheed Truthers
1242535076957270016,waiver,complete,1750605956834,1750658693384,1,725577957241896960,10,0,0,,Your waiver claim was processed successfully!,drop,8116,10,2025-06-22 15:25:56.834,2025-06-23 06:04:53.384,Rashid Shaheed Truthers
1241667079799574528,waiver,complete,1750399010184,1750399480756,1,1129843037888204800,5,0,0,,Your waiver claim was processed successfully!,add,12542,5,2025-06-20 05:56:50.184,2025-06-20 06:04:40.756,Mommy Rainier 
1241667079799574528,waiver,complete,1750399010184,1750399480756,1,1129843037888204800,5,0,0,,Your waiver claim was processed successfully!,drop,4993,5,2025-06-20 05:56:50.184,2025-06-20 06:04:40.756,Mommy Rainier 
1238196051601526784,waiver,complete,1749571452574,1749621880964,1,1112526078167375872,6,0,0,,Your waiver claim was processed successfully!,add,12539,6,2025-06-10 16:04:12.574,2025-06-11 06:04:40.964,Mostly Washed
1238196051601526784,waiver,complete,1749571452574,1749621880964,1,1112526078167375872,6,0,0,,Your waiver claim was processed successfully!,drop,7601,6,2025-06-10 16:04:12.574,2025-06-11 06:04:40.964,Mostly Washed
1235727645837115392,waiver,complete,1748982938778,1749017086300,1,1129475833942372352,9,0,0,,Your waiver claim was processed successfully!,add,6828,9,2025-06-03 20:35:38.778,2025-06-04 06:04:46.300,Gaeta Spur FC
1235727645837115392,waiver,complete,1748982938778,1749017086300,1,1129475833942372352,9,0,0,,Your waiver claim was processed successfully!,drop,5010,9,2025-06-03 20:35:38.778,2025-06-04 06:04:46.300,Gaeta Spur FC
1233839464871108608,waiver,complete,1748532761356,1748585084431,1,865815956675538944,7,0,0,,Your waiver claim was processed successfully!,add,12541,7,2025-05-29 15:32:41.356,2025-05-30 06:04:44.431,2-Man Title Charge
1233839464871108608,waiver,complete,1748532761356,1748585084431,1,865815956675538944,7,0,0,,Your waiver claim was processed successfully!,drop,12539,7,2025-05-29 15:32:41.356,2025-05-30 06:04:44.431,2-Man Title Charge
1231458558059499520,waiver,complete,1747965108936,1747980267937,1,1124978574760521728,12,0,2,,Your waiver claim was processed successfully!,add,12810,12,2025-05-23 01:51:48.936,2025-05-23 06:04:27.937,Paper Tigers
1230683090087591936,waiver,failed,1747780222965,1747980267937,1,1124774814427832320,11,5,1,,This player was claimed by another owner.,add,4988,11,2025-05-20 22:30:22.965,2025-05-23 06:04:27.937,On To 2026
1230683090087591936,waiver,failed,1747780222965,1747980267937,1,1124774814427832320,11,5,1,,This player was claimed by another owner.,drop,7568,11,2025-05-20 22:30:22.965,2025-05-23 06:04:27.937,On To 2026
1230683028951400448,waiver,complete,1747780208389,1747980267937,1,1112526078167375872,6,10,0,,Your waiver claim was processed successfully!,add,4988,6,2025-05-20 22:30:08.389,2025-05-23 06:04:27.937,Mostly Washed
1230683028951400448,waiver,complete,1747780208389,1747980267937,1,1112526078167375872,6,10,0,,Your waiver claim was processed successfully!,drop,7002,6,2025-05-20 22:30:08.389,2025-05-23 06:04:27.937,Mostly Washed
1230404280473628672,waiver,complete,1747713749572,1747721083394,1,865815956675538944,7,0,0,,Your waiver claim was processed successfully!,add,12539,7,2025-05-20 04:02:29.572,2025-05-20 06:04:43.394,2-Man Title Charge
1230404280473628672,waiver,complete,1747713749572,1747721083394,1,865815956675538944,7,0,0,,Your waiver claim was processed successfully!,drop,9497,7,2025-05-20 04:02:29.572,2025-05-20 06:04:43.394,2-Man Title Charge
1228415366129008640,waiver,complete,1747239555441,1747289086815,1,865815956675538944,7,0,0,,Your waiver claim was processed successfully!,add,9497,7,2025-05-14 16:19:15.441,2025-05-15 06:04:46.815,2-Man Title Charge
1228245712853020672,waiver,complete,1747199106947,1747202706602,1,1115878936925294592,8,1,0,,Your waiver claim was processed successfully!,add,8162,8,2025-05-14 05:05:06.947,2025-05-14 06:05:06.602,TRIPS 🔥
1227277006534627328,waiver,complete,1746968149363,1747029883020,1,1129475833942372352,9,0,0,,Your waiver claim was processed successfully!,add,5010,9,2025-05-11 12:55:49.363,2025-05-12 06:04:43.020,Gaeta Spur FC
1226898932404064256,waiver,complete,1746878009466,1746943484769,1,1129475833942372352,9,0,0,,Your waiver claim was processed successfully!,add,2197,9,2025-05-10 11:53:29.466,2025-05-11 06:04:44.769,Gaeta Spur FC
1226650595541135360,waiver,complete,1746818801344,1746857078740,1,1124774814427832320,11,0,2,,Your waiver claim was processed successfully!,add,6151,11,2025-05-09 19:26:41.344,2025-05-10 06:04:38.740,On To 2026
1226091082958258176,waiver,failed,1746685403150,1746857078740,1,870177576986034176,1,0,1,,This player was claimed by another owner.,add,3214,1,2025-05-08 06:23:23.150,2025-05-10 06:04:38.740,208 Ferrari Way
1226091082958258176,waiver,failed,1746685403150,1746857078740,1,870177576986034176,1,0,1,,This player was claimed by another owner.,drop,4574,1,2025-05-08 06:23:23.150,2025-05-10 06:04:38.740,208 Ferrari Way
1226043201849147392,waiver,complete,1746673987403,1746857078740,1,1112526078167375872,6,10,0,,Your waiver claim was processed successfully!,add,3214,6,2025-05-08 03:13:07.403,2025-05-10 06:04:38.740,Mostly Washed
1226043201849147392,waiver,complete,1746673987403,1746857078740,1,1112526078167375872,6,10,0,,Your waiver claim was processed successfully!,drop,5133,6,2025-05-08 03:13:07.403,2025-05-10 06:04:38.740,Mostly Washed
1225933509864980480,waiver,complete,1746647834797,1746684271466,1,1124774814427832320,11,0,1,,Your waiver claim was processed successfully!,add,7568,11,2025-05-07 19:57:14.797,2025-05-08 06:04:31.466,On To 2026
1225931083174916096,waiver,complete,1746647256229,1746684271466,1,596536664185163776,3,2,0,,Your waiver claim was processed successfully!,add,8125,3,2025-05-07 19:47:36.229,2025-05-08 06:04:31.466,Bucky’s Depression
1225523433958281216,waiver,complete,1746550065082,1746597877286,1,596536664185163776,3,0,0,,Your waiver claim was processed successfully!,add,11650,3,2025-05-06 16:47:45.082,2025-05-07 06:04:37.286,Bucky’s Depression
1225523433958281216,waiver,complete,1746550065082,1746597877286,1,596536664185163776,3,0,0,,Your waiver claim was processed successfully!,drop,8147,3,2025-05-06 16:47:45.082,2025-05-07 06:04:37.286,Bucky’s Depression
1224641700996063232,waiver,complete,1746339843562,1746425061266,1,1115878936925294592,8,12,0,,Your waiver claim was processed successfully!,add,7670,8,2025-05-04 06:24:03.562,2025-05-05 06:04:21.266,TRIPS 🔥
1224641700996063232,waiver,complete,1746339843562,1746425061266,1,1115878936925294592,8,12,0,,Your waiver claim was processed successfully!,drop,11617,8,2025-05-04 06:24:03.562,2025-05-05 06:04:21.266,TRIPS 🔥
1224441092556996608,waiver,failed,1746292014782,1746425061266,1,865815956675538944,7,11,1,,This player was claimed by another owner.,add,7670,7,2025-05-03 17:06:54.782,2025-05-05 06:04:21.266,2-Man Title Charge
1224441092556996608,waiver,failed,1746292014782,1746425061266,1,865815956675538944,7,11,1,,This player was claimed by another owner.,drop,3214,7,2025-05-03 17:06:54.782,2025-05-05 06:04:21.266,2-Man Title Charge
1224304482460909568,waiver,failed,1746259444398,1746425061266,1,596536664185163776,3,4,2,,This player was claimed by another owner.,add,7670,3,2025-05-03 08:04:04.398,2025-05-05 06:04:21.266,Bucky’s Depression
1224304482460909568,waiver,failed,1746259444398,1746425061266,1,596536664185163776,3,4,2,,This player was claimed by another owner.,drop,8147,3,2025-05-03 08:04:04.398,2025-05-05 06:04:21.266,Bucky’s Depression
1224284598679121920,waiver,complete,1746254703735,1746338653945,1,1129843037888204800,5,11,1,,Your waiver claim was processed successfully!,add,12540,5,2025-05-03 06:45:03.735,2025-05-04 06:04:13.945,Mommy Rainier 
1224284043340697600,waiver,failed,1746254571332,1746338653945,1,1129843037888204800,5,10,2,,This player was claimed by another owner.,add,12540,5,2025-05-03 06:42:51.332,2025-05-04 06:04:13.945,Mommy Rainier 
1224272273981063168,waiver,complete,1746251765297,1746252305729,1,1129843037888204800,5,0,25,,Your waiver claim was processed successfully!,add,12860,5,2025-05-03 05:56:05.297,2025-05-03 06:05:05.729,Mommy Rainier 
1224269119281434624,waiver,failed,1746251013158,1746252305729,1,1129843037888204800,5,7,9,,This player was claimed by another owner.,add,12531,5,2025-05-03 05:43:33.158,2025-05-03 06:05:05.729,Mommy Rainier 
1224263102954995712,waiver,complete,1746249578755,1746252305729,1,1124978574760521728,12,39,5,,Your waiver claim was processed successfully!,add,12533,12,2025-05-03 05:19:38.755,2025-05-03 06:05:05.729,Paper Tigers
1224261698098036736,waiver,failed,1746249243810,1746252305729,1,1124978574760521728,12,6,11,,This player was claimed by another owner.,add,12502,12,2025-05-03 05:14:03.810,2025-05-03 06:05:05.729,Paper Tigers
1224248902002163712,waiver,failed,1746246192984,1746252305729,1,1129843037888204800,5,2,19,,This player was claimed by another owner.,add,12502,5,2025-05-03 04:23:12.984,2025-05-03 06:05:05.729,Mommy Rainier 
1224217421334708224,waiver,complete,1746238687408,1746338653945,1,1115878936925294592,8,0,3,,Your waiver claim was processed successfully!,add,9506,8,2025-05-03 02:18:07.408,2025-05-04 06:04:13.945,TRIPS 🔥
1224217421334708224,waiver,complete,1746238687408,1746338653945,1,1115878936925294592,8,0,3,,Your waiver claim was processed successfully!,drop,11570,8,2025-05-03 02:18:07.408,2025-05-04 06:04:13.945,TRIPS 🔥
1224115143827271680,waiver,complete,1746214302550,1746338653945,1,1115878936925294592,8,20,0,,Your waiver claim was processed successfully!,add,11619,8,2025-05-02 19:31:42.550,2025-05-04 06:04:13.945,TRIPS 🔥
1224075098789511168,waiver,complete,1746204755068,1746252305729,1,1115878936925294592,8,7,10,,Your waiver claim was processed successfully!,add,12502,8,2025-05-02 16:52:35.068,2025-05-03 06:05:05.729,TRIPS 🔥
1224053299137757184,waiver,complete,1746199557627,1746252305729,1,596536664185163776,3,4,17,,Your waiver claim was processed successfully!,add,12503,3,2025-05-02 15:25:57.627,2025-05-03 06:05:05.729,Bucky’s Depression
1224053299137757184,waiver,complete,1746199557627,1746252305729,1,596536664185163776,3,4,17,,Your waiver claim was processed successfully!,drop,8125,3,2025-05-02 15:25:57.627,2025-05-03 06:05:05.729,Bucky’s Depression
1224047709019709440,waiver,failed,1746198224840,1746252305729,1,867921673234632704,2,15,7,,This player was claimed by another owner.,add,12531,2,2025-05-02 15:03:44.840,2025-05-03 06:05:05.729,Like a Good Naber
1224047709019709440,waiver,failed,1746198224840,1746252305729,1,867921673234632704,2,15,7,,This player was claimed by another owner.,drop,6130,2,2025-05-02 15:03:44.840,2025-05-03 06:05:05.729,Like a Good Naber
1223911468009787392,waiver,complete,1746165742451,1746252305729,1,1124978574760521728,12,39,4,0.0,Your waiver claim was processed successfully!,add,12482,12,2025-05-02 06:02:22.451,2025-05-03 06:05:05.729,Paper Tigers
1223879205201129473,waiver,complete,1746158050398,1746252305729,1,1129843037888204800,5,1,21,,Your waiver claim was processed successfully!,add,12738,5,2025-05-02 03:54:10.398,2025-05-03 06:05:05.729,Mommy Rainier 
1223876956559253504,waiver,complete,1746157514279,1746252305729,1,867921673234632704,2,8,8,,Your waiver claim was processed successfully!,add,12641,2,2025-05-02 03:45:14.279,2025-05-03 06:05:05.729,Like a Good Naber
1223876956559253504,waiver,complete,1746157514279,1746252305729,1,867921673234632704,2,8,8,,Your waiver claim was processed successfully!,drop,6130,2,2025-05-02 03:45:14.279,2025-05-03 06:05:05.729,Like a Good Naber
1223864958329044992,waiver,failed,1746154653678,1746252305729,1,1129843037888204800,5,0,24,,This player was claimed by another owner.,add,12503,5,2025-05-02 02:57:33.678,2025-05-03 06:05:05.729,Mommy Rainier 
1223832631334940672,waiver,complete,1746146946323,1746252305729,1,870177576986034176,1,16,6,,Your waiver claim was processed successfully!,add,12462,1,2025-05-02 00:49:06.323,2025-05-03 06:05:05.729,208 Ferrari Way
1223832631334940672,waiver,complete,1746146946323,1746252305729,1,870177576986034176,1,16,6,,Your waiver claim was processed successfully!,drop,11435,1,2025-05-02 00:49:06.323,2025-05-03 06:05:05.729,208 Ferrari Way
1223831860040187904,waiver,complete,1746146762431,1746252305729,1,1129843037888204800,5,0,23,,Your waiver claim was processed successfully!,add,12478,5,2025-05-02 00:46:02.431,2025-05-03 06:05:05.729,Mommy Rainier 
1223831732394938368,waiver,complete,1746146731998,1746252305729,1,1129843037888204800,5,0,22,,Your waiver claim was processed successfully!,add,12718,5,2025-05-02 00:45:31.998,2025-05-03 06:05:05.729,Mommy Rainier 
1223831263803097088,waiver,complete,1746146620278,1746252305729,1,870177576986034176,1,52,1,,Your waiver claim was processed successfully!,add,12531,1,2025-05-02 00:43:40.278,2025-05-03 06:05:05.729,208 Ferrari Way
1223831263803097088,waiver,complete,1746146620278,1746252305729,1,870177576986034176,1,52,1,,Your waiver claim was processed successfully!,drop,4068,1,2025-05-02 00:43:40.278,2025-05-03 06:05:05.729,208 Ferrari Way
1223830662381838336,waiver,complete,1746146476888,1746252305729,1,1129843037888204800,5,3,18,,Your waiver claim was processed successfully!,add,12523,5,2025-05-02 00:41:16.888,2025-05-03 06:05:05.729,Mommy Rainier 
1223829626673963008,waiver,failed,1746146229956,1746252305729,1,870177576986034176,1,6,12,,This player was claimed by another owner.,add,12493,1,2025-05-02 00:37:09.956,2025-05-03 06:05:05.729,208 Ferrari Way
1223829626673963008,waiver,failed,1746146229956,1746252305729,1,870177576986034176,1,6,12,,This player was claimed by another owner.,drop,4574,1,2025-05-02 00:37:09.956,2025-05-03 06:05:05.729,208 Ferrari Way
1223826831199719424,waiver,complete,1746145563463,1746252305729,1,1129843037888204800,5,55,0,,Your waiver claim was processed successfully!,add,12493,5,2025-05-02 00:26:03.463,2025-05-03 06:05:05.729,Mommy Rainier 
1223817614262804480,waiver,complete,1746143365973,1746252305729,1,596536664185163776,3,4,16,,Your waiver claim was processed successfully!,add,12485,3,2025-05-01 23:49:25.973,2025-05-03 06:05:05.729,Bucky’s Depression
1223817614262804480,waiver,complete,1746143365973,1746252305729,1,596536664185163776,3,4,16,,Your waiver claim was processed successfully!,drop,9497,3,2025-05-01 23:49:25.973,2025-05-03 06:05:05.729,Bucky’s Depression
1223817062275612672,waiver,failed,1746143234370,1746252305729,1,596536664185163776,3,4,15,,This player was claimed by another owner.,add,12641,3,2025-05-01 23:47:14.370,2025-05-03 06:05:05.729,Bucky’s Depression
1223817062275612672,waiver,failed,1746143234370,1746252305729,1,596536664185163776,3,4,15,,This player was claimed by another owner.,drop,8161,3,2025-05-01 23:47:14.370,2025-05-03 06:05:05.729,Bucky’s Depression
1223816898693582848,waiver,failed,1746143195369,1746252305729,1,596536664185163776,3,4,14,,This player was claimed by another owner.,add,12531,3,2025-05-01 23:46:35.369,2025-05-03 06:05:05.729,Bucky’s Depression
1223816898693582848,waiver,failed,1746143195369,1746252305729,1,596536664185163776,3,4,14,,This player was claimed by another owner.,drop,8147,3,2025-05-01 23:46:35.369,2025-05-03 06:05:05.729,Bucky’s Depression
1223751594252701696,waiver,complete,1746127625576,1746252305729,1,1129475833942372352,9,1,20,,Your waiver claim was processed successfully!,add,12500,9,2025-05-01 19:27:05.576,2025-05-03 06:05:05.729,Gaeta Spur FC
1223751594252701696,waiver,complete,1746127625576,1746252305729,1,1129475833942372352,9,1,20,,Your waiver claim was processed successfully!,drop,7670,9,2025-05-01 19:27:05.576,2025-05-03 06:05:05.729,Gaeta Spur FC
1223741706797584384,waiver,complete,1746125268224,1746252305729,1,1115878936925294592,8,41,2,,Your waiver claim was processed successfully!,add,12486,8,2025-05-01 18:47:48.224,2025-05-03 06:05:05.729,TRIPS 🔥
1222630941659246592,waiver,complete,1745860441178,1745906676975,1,867921673234632704,2,0,0,,Your waiver claim was processed successfully!,add,184,2,2025-04-28 17:14:01.178,2025-04-29 06:04:36.975,Like a Good Naber
1220602178872287232,waiver,complete,1745376746437,1745561089184,1,1112526078167375872,6,0,0,,Your waiver claim was processed successfully!,add,6271,6,2025-04-23 02:52:26.437,2025-04-25 06:04:49.184,Mostly Washed
1217690221504630784,waiver,complete,1744682481699,1744697092402,1,870177576986034176,1,0,2,,Your waiver claim was processed successfully!,add,4017,1,2025-04-15 02:01:21.699,2025-04-15 06:04:52.402,208 Ferrari Way
1217690173676978176,waiver,complete,1744682470295,1744697092402,1,870177576986034176,1,0,1,,Your waiver claim was processed successfully!,add,8160,1,2025-04-15 02:01:10.295,2025-04-15 06:04:52.402,208 Ferrari Way
1217690094148796416,waiver,complete,1744682451334,1744697092402,1,870177576986034176,1,0,0,,Your waiver claim was processed successfully!,add,3271,1,2025-04-15 02:00:51.334,2025-04-15 06:04:52.402,208 Ferrari Way
1213037255405338624,waiver,complete,1743573128133,1743573867983,1,1124978574760521728,12,1,0,,Your waiver claim was processed successfully!,add,11821,12,2025-04-02 05:52:08.133,2025-04-02 06:04:27.983,Paper Tigers
1211434017455357952,waiver,complete,1743190886419,1743401056527,1,1112526078167375872,6,0,0,,Your waiver claim was processed successfully!,add,7002,6,2025-03-28 19:41:26.419,2025-03-31 06:04:16.527,Mostly Washed
1211434017455357952,waiver,complete,1743190886419,1743401056527,1,1112526078167375872,6,0,0,,Your waiver claim was processed successfully!,drop,6011,6,2025-03-28 19:41:26.419,2025-03-31 06:04:16.527,Mostly Washed
1210412686005772289,waiver,complete,1742947382026,1742969088811,1,1124978574760521728,12,0,0,,Your waiver claim was processed successfully!,add,3161,12,2025-03-26 00:03:02.026,2025-03-26 06:04:48.811,Paper Tigers
1210412686005772289,waiver,complete,1742947382026,1742969088811,1,1124978574760521728,12,0,0,,Your waiver claim was processed successfully!,drop,827,12,2025-03-26 00:03:02.026,2025-03-26 06:04:48.811,Paper Tigers
1210098111209283584,waiver,complete,1742872381549,1742882698461,1,870177576986034176,1,0,0,,Your waiver claim was processed successfully!,add,8135,1,2025-03-25 03:13:01.549,2025-03-25 06:04:58.461,208 Ferrari Way
1207930832606482432,waiver,failed,1742355662065,1742364275445,1,596536664185163776,3,0,1,,This player was claimed by another owner.,add,5917,3,2025-03-19 03:41:02.065,2025-03-19 06:04:35.445,Bucky’s Depression
1207930832606482432,waiver,failed,1742355662065,1742364275445,1,596536664185163776,3,0,1,,This player was claimed by another owner.,drop,5185,3,2025-03-19 03:41:02.065,2025-03-19 06:04:35.445,Bucky’s Depression
1207872078095585281,waiver,complete,1742341653897,1742364275445,1,1124978574760521728,12,1,0,,Your waiver claim was processed successfully!,add,5917,12,2025-03-18 23:47:33.897,2025-03-19 06:04:35.445,Paper Tigers
1207872078095585281,waiver,complete,1742341653897,1742364275445,1,1124978574760521728,12,1,0,,Your waiver claim was processed successfully!,drop,2359,12,2025-03-18 23:47:33.897,2025-03-19 06:04:35.445,Paper Tigers
1207068625974853632,waiver,complete,1742150095985,1742191505029,1,1124978574760521728,12,0,0,,Your waiver claim was processed successfully!,add,6828,12,2025-03-16 18:34:55.985,2025-03-17 06:05:05.029,Paper Tigers
1206804577052020736,waiver,complete,1742087141816,1742105084858,1,865815956675538944,7,0,0,,Your waiver claim was processed successfully!,add,11557,7,2025-03-16 01:05:41.816,2025-03-16 06:04:44.858,2-Man Title Charge
1206804577052020736,waiver,complete,1742087141816,1742105084858,1,865815956675538944,7,0,0,,Your waiver claim was processed successfully!,drop,11629,7,2025-03-16 01:05:41.816,2025-03-16 06:04:44.858,2-Man Title Charge
1205917349895479296,waiver,complete,1741875610378,1741932272057,1,1124978574760521728,12,0,2,,Your waiver claim was processed successfully!,add,7538,12,2025-03-13 14:20:10.378,2025-03-14 06:04:32.057,Paper Tigers
1205698940574371841,waiver,complete,1741823537538,1741932272057,1,1124978574760521728,12,1,0,0.0,Your waiver claim was processed successfully!,add,11577,12,2025-03-12 23:52:17.538,2025-03-14 06:04:32.057,Paper Tigers
1205698747523158016,waiver,complete,1741823491511,1741932272057,1,1124978574760521728,12,0,1,1.0,Your waiver claim was processed successfully!,add,827,12,2025-03-12 23:51:31.511,2025-03-14 06:04:32.057,Paper Tigers
1273902621857427456,waiver,failed,1758084562318,1758092754936,2,870177576986034176,1,0,8,,This player was claimed by another owner.,add,3161,1,2025-09-17 04:49:22.318,2025-09-17 07:05:54.936,208 Ferrari Way
1273902621857427456,waiver,failed,1758084562318,1758092754936,2,870177576986034176,1,0,8,,This player was claimed by another owner.,drop,4718,1,2025-09-17 04:49:22.318,2025-09-17 07:05:54.936,208 Ferrari Way
1273902539821060096,waiver,failed,1758084542759,1758092754936,2,870177576986034176,1,0,7,,This player was claimed by another owner.,add,6111,1,2025-09-17 04:49:02.759,2025-09-17 07:05:54.936,208 Ferrari Way
1273902539821060096,waiver,failed,1758084542759,1758092754936,2,870177576986034176,1,0,7,,This player was claimed by another owner.,drop,4718,1,2025-09-17 04:49:02.759,2025-09-17 07:05:54.936,208 Ferrari Way
1273851281202503680,waiver,failed,1758072321753,1758092754936,2,1124978574760521728,12,13,4,,This player was claimed by another owner.,add,6111,12,2025-09-17 01:25:21.753,2025-09-17 07:05:54.936,Paper Tigers
1273827825333342209,waiver,failed,1758066729437,1758092754936,2,867921673234632704,2,32,2,,This player was claimed by another owner.,add,6111,2,2025-09-16 23:52:09.437,2025-09-17 07:05:54.936,Like a Good Naber
1273827825333342209,waiver,failed,1758066729437,1758092754936,2,867921673234632704,2,32,2,,This player was claimed by another owner.,drop,5857,2,2025-09-16 23:52:09.437,2025-09-17 07:05:54.936,Like a Good Naber
1273807057757171712,waiver,complete,1758061778062,1758092754936,2,865815956675538944,7,109,0,,Your waiver claim was processed successfully!,add,6111,7,2025-09-16 22:29:38.062,2025-09-17 07:05:54.936,2-Man Title Charge
1273755717328711680,waiver,complete,1758049537549,1758092754936,2,1124774814427832320,11,0,10,,Your waiver claim was processed successfully!,add,12775,11,2025-09-16 19:05:37.549,2025-09-17 07:05:54.936,On To 2026
1273745263223144448,waiver,complete,1758047045097,1758092754936,2,1124774814427832320,11,0,6,,Your waiver claim was processed successfully!,add,3161,11,2025-09-16 18:24:05.097,2025-09-17 07:05:54.936,On To 2026
1273673375062958080,waiver,failed,1758029905624,1758092754936,2,1124774814427832320,11,50,1,,This player was claimed by another owner.,add,6111,11,2025-09-16 13:38:25.624,2025-09-17 07:05:54.936,On To 2026
1273467526545707009,waiver,failed,1757980827512,1758092754936,2,1051659324998668288,4,5,5,,This player was claimed by another owner.,add,6111,4,2025-09-16 00:00:27.512,2025-09-17 07:05:54.936,Spirit Halloween
1273431296915308544,waiver,failed,1757972189696,1758092754936,2,1129843037888204800,5,15,3,,This player was claimed by another owner.,add,6111,5,2025-09-15 21:36:29.696,2025-09-17 07:05:54.936,Mommy Rainier 
1273431296915308544,waiver,failed,1757972189696,1758092754936,2,1129843037888204800,5,15,3,,This player was claimed by another owner.,drop,9230,5,2025-09-15 21:36:29.696,2025-09-17 07:05:54.936,Mommy Rainier 
1272581841299197952,waiver,complete,1757769663694,1758092754936,2,1129475833942372352,9,0,9,,Your waiver claim was processed successfully!,add,11370,9,2025-09-13 13:21:03.694,2025-09-17 07:05:54.936,Gaeta Spur FC
1272581841299197952,waiver,complete,1757769663694,1758092754936,2,1129475833942372352,9,0,9,,Your waiver claim was processed successfully!,drop,11435,9,2025-09-13 13:21:03.694,2025-09-17 07:05:54.936,Gaeta Spur FC
1275989350361890816,waiver,complete,1758582077164,1758697538400,3,1115878936925294592,8,0,3,,Your waiver claim was processed successfully!,add,8207,8,2025-09-22 23:01:17.164,2025-09-24 07:05:38.400,TRIPS 🔥
1275894893457215488,waiver,complete,1758559556882,1758697538400,3,870177576986034176,1,2,2,,Your waiver claim was processed successfully!,add,4454,1,2025-09-22 16:45:56.882,2025-09-24 07:05:38.400,208 Ferrari Way
1275894893457215488,waiver,complete,1758559556882,1758697538400,3,870177576986034176,1,2,2,,Your waiver claim was processed successfully!,drop,1689,1,2025-09-22 16:45:56.882,2025-09-24 07:05:38.400,208 Ferrari Way
1275847033269293056,waiver,complete,1758548146124,1758697538400,3,1051659324998668288,4,25,0,,Your waiver claim was processed successfully!,add,11199,4,2025-09-22 13:35:46.124,2025-09-24 07:05:38.400,Spirit Halloween
1274570883926618112,waiver,failed,1758243888412,1758697538400,3,1051659324998668288,4,5,1,,"Unfortunately, your roster will have too many players after this transaction.",add,12658,4,2025-09-19 01:04:48.412,2025-09-24 07:05:38.400,Spirit Halloween
1279003479188209664,waiver,failed,1759300701475,1759302391746,4,1129843037888204800,5,0,1,,This player was claimed by another owner.,add,11435,5,2025-10-01 06:38:21.475,2025-10-01 07:06:31.746,Mommy Rainier 
1278969838575816704,waiver,complete,1759292680928,1759302391746,4,1115878936925294592,8,1,0,,Your waiver claim was processed successfully!,add,11435,8,2025-10-01 04:24:40.928,2025-10-01 07:06:31.746,TRIPS 🔥
1278797260750073856,waiver,complete,1759251535169,1759302391746,4,865815956675538944,7,0,2,,Your waiver claim was processed successfully!,add,9497,7,2025-09-30 16:58:55.169,2025-10-01 07:06:31.746,2-Man Title Charge
1276967390277566464,waiver,complete,1758815260051,1758910561096,4,596536664185163776,3,6,0,,Your waiver claim was processed successfully!,add,8917,3,2025-09-25 15:47:40.051,2025-09-26 18:16:01.096,Bucky’s Depression
1276967390277566464,waiver,complete,1758815260051,1758910561096,4,596536664185163776,3,6,0,,Your waiver claim was processed successfully!,drop,6943,3,2025-09-25 15:47:40.051,2025-09-26 18:16:01.096,Bucky’s Depression
1276742634563444736,waiver,failed,1758761674113,1758910561096,4,1112526078167375872,6,3,1,,This player was claimed by another owner.,add,8917,6,2025-09-25 00:54:34.113,2025-09-26 18:16:01.096,Mostly Washed
1281490790102601728,waiver,failed,1759893722609,1759907182762,5,1124774814427832320,11,25,3,,This player was claimed by another owner.,add,4454,11,2025-10-08 03:22:02.609,2025-10-08 07:06:22.762,On To 2026
1281490790102601728,waiver,failed,1759893722609,1759907182762,5,1124774814427832320,11,25,3,,This player was claimed by another owner.,drop,12775,11,2025-10-08 03:22:02.609,2025-10-08 07:06:22.762,On To 2026
1281425692352839680,waiver,failed,1759878202096,1759907182762,5,1115878936925294592,8,0,7,,This player was claimed by another owner.,add,10218,8,2025-10-07 23:03:22.096,2025-10-08 07:06:22.762,TRIPS 🔥
1281425692352839680,waiver,failed,1759878202096,1759907182762,5,1115878936925294592,8,0,7,,This player was claimed by another owner.,drop,8147,8,2025-10-07 23:03:22.096,2025-10-08 07:06:22.762,TRIPS 🔥
1281029880074493952,waiver,complete,1759783833096,1759907182762,5,725577957241896960,10,43,0,,Your waiver claim was processed successfully!,add,8123,10,2025-10-06 20:50:33.096,2025-10-08 07:06:22.762,Rashid Shaheed Truthers
1281029880074493952,waiver,complete,1759783833096,1759907182762,5,725577957241896960,10,43,0,,Your waiver claim was processed successfully!,drop,8129,10,2025-10-06 20:50:33.096,2025-10-08 07:06:22.762,Rashid Shaheed Truthers
1281029299750576128,waiver,complete,1759783694736,1759907182762,5,1124774814427832320,11,25,2,0.0,Your waiver claim was processed successfully!,add,4454,11,2025-10-06 20:48:14.736,2025-10-08 07:06:22.762,On To 2026
1281029299750576128,waiver,complete,1759783694736,1759907182762,5,1124774814427832320,11,25,2,0.0,Your waiver claim was processed successfully!,drop,2374,11,2025-10-06 20:48:14.736,2025-10-08 07:06:22.762,On To 2026
1281029104241512448,waiver,failed,1759783648123,1759907182762,5,1124774814427832320,11,35,1,1.0,This player was claimed by another owner.,add,8123,11,2025-10-06 20:47:28.123,2025-10-08 07:06:22.762,On To 2026
1281029104241512448,waiver,failed,1759783648123,1759907182762,5,1124774814427832320,11,35,1,1.0,This player was claimed by another owner.,drop,2374,11,2025-10-06 20:47:28.123,2025-10-08 07:06:22.762,On To 2026
1281029082707927040,waiver,failed,1759783642990,1759907182762,5,865815956675538944,7,20,5,,This player was claimed by another owner.,add,8123,7,2025-10-06 20:47:22.990,2025-10-08 07:06:22.762,2-Man Title Charge
1281029082707927040,waiver,failed,1759783642990,1759907182762,5,865815956675538944,7,20,5,,This player was claimed by another owner.,drop,7694,7,2025-10-06 20:47:22.990,2025-10-08 07:06:22.762,2-Man Title Charge
1281028823348961280,waiver,failed,1759783581152,1759907182762,5,1115878936925294592,8,20,4,,This player was claimed by another owner.,add,8123,8,2025-10-06 20:46:21.152,2025-10-08 07:06:22.762,TRIPS 🔥
1281028823348961280,waiver,failed,1759783581152,1759907182762,5,1115878936925294592,8,20,4,,This player was claimed by another owner.,drop,8207,8,2025-10-06 20:46:21.152,2025-10-08 07:06:22.762,TRIPS 🔥
1281012071131004928,waiver,complete,1759779587113,1759907182762,5,865815956675538944,7,10,6,,Your waiver claim was processed successfully!,add,10218,7,2025-10-06 19:39:47.113,2025-10-08 07:06:22.762,2-Man Title Charge
1281012071131004928,waiver,complete,1759779587113,1759907182762,5,865815956675538944,7,10,6,,Your waiver claim was processed successfully!,drop,7694,7,2025-10-06 19:39:47.113,2025-10-08 07:06:22.762,2-Man Title Charge
1284041870502019072,waiver,complete,1760501947573,1760511955347,6,1115878936925294592,8,2,0,,Your waiver claim was processed successfully!,add,11994,8,2025-10-15 04:19:07.573,2025-10-15 07:05:55.347,TRIPS 🔥
1284041870502019072,waiver,complete,1760501947573,1760511955347,6,1115878936925294592,8,2,0,,Your waiver claim was processed successfully!,drop,8147,8,2025-10-15 04:19:07.573,2025-10-15 07:05:55.347,TRIPS 🔥
1286573223927910400,waiver,failed,1761105469261,1761116756227,7,865815956675538944,7,1,1,,This player was claimed by another owner.,add,829,7,2025-10-22 03:57:49.261,2025-10-22 07:05:56.227,2-Man Title Charge
1286573223927910400,waiver,failed,1761105469261,1761116756227,7,865815956675538944,7,1,1,,This player was claimed by another owner.,drop,10218,7,2025-10-22 03:57:49.261,2025-10-22 07:05:56.227,2-Man Title Charge
1286527960710410240,waiver,complete,1761094677668,1761116756227,7,1129475833942372352,9,20,0,,Your waiver claim was processed successfully!,add,829,9,2025-10-22 00:57:57.668,2025-10-22 07:05:56.227,Gaeta Spur FC
1286527960710410240,waiver,complete,1761094677668,1761116756227,7,1129475833942372352,9,20,0,,Your waiver claim was processed successfully!,drop,4574,9,2025-10-22 00:57:57.668,2025-10-22 07:05:56.227,Gaeta Spur FC
1289122854197026816,waiver,complete,1761713348487,1761721558866,8,1124978574760521728,12,2,3,,Your waiver claim was processed successfully!,add,6271,12,2025-10-29 04:49:08.487,2025-10-29 07:05:58.866,Paper Tigers
1289122854197026816,waiver,complete,1761713348487,1761721558866,8,1124978574760521728,12,2,3,,Your waiver claim was processed successfully!,drop,10219,12,2025-10-29 04:49:08.487,2025-10-29 07:05:58.866,Paper Tigers
1289092658769199104,waiver,complete,1761706149335,1761721558866,8,1124774814427832320,11,15,0,,Your waiver claim was processed successfully!,add,6130,11,2025-10-29 02:49:09.335,2025-10-29 07:05:58.866,On To 2026
1289092658769199104,waiver,complete,1761706149335,1761721558866,8,1124774814427832320,11,15,0,,Your waiver claim was processed successfully!,drop,4972,11,2025-10-29 02:49:09.335,2025-10-29 07:05:58.866,On To 2026
1288863068079554560,waiver,failed,1761651410649,1761721558866,8,1129475833942372352,9,10,1,,This player was claimed by another owner.,add,6130,9,2025-10-28 11:36:50.649,2025-10-29 07:05:58.866,Gaeta Spur FC
1288863068079554560,waiver,failed,1761651410649,1761721558866,8,1129475833942372352,9,10,1,,This player was claimed by another owner.,drop,829,9,2025-10-28 11:36:50.649,2025-10-29 07:05:58.866,Gaeta Spur FC
1288862849233338368,waiver,complete,1761651358473,1761721558866,8,1129475833942372352,9,5,2,,Your waiver claim was processed successfully!,add,2374,9,2025-10-28 11:35:58.473,2025-10-29 07:05:58.866,Gaeta Spur FC
1288862849233338368,waiver,complete,1761651358473,1761721558866,8,1129475833942372352,9,5,2,,Your waiver claim was processed successfully!,drop,3269,9,2025-10-28 11:35:58.473,2025-10-29 07:05:58.866,Gaeta Spur FC
1288642054963867648,waiver,complete,1761598717016,1761721558866,8,1124774814427832320,11,2,4,,Your waiver claim was processed successfully!,add,12775,11,2025-10-27 20:58:37.016,2025-10-29 07:05:58.866,On To 2026
1288642054963867648,waiver,complete,1761598717016,1761721558866,8,1124774814427832320,11,2,4,,Your waiver claim was processed successfully!,drop,3161,11,2025-10-27 20:58:37.016,2025-10-29 07:05:58.866,On To 2026
1288639560737124352,waiver,complete,1761598122346,1761721558866,8,1115878936925294592,8,0,5,,Your waiver claim was processed successfully!,add,9497,8,2025-10-27 20:48:42.346,2025-10-29 07:05:58.866,TRIPS 🔥
1288639560737124352,waiver,complete,1761598122346,1761721558866,8,1115878936925294592,8,0,5,,Your waiver claim was processed successfully!,drop,11994,8,2025-10-27 20:48:42.346,2025-10-29 07:05:58.866,TRIPS 🔥
1291583764165570560,waiver,complete,1762300075144,1762329952743,9,1129843037888204800,5,0,1,,Your waiver claim was processed successfully!,add,8172,5,2025-11-04 23:47:55.144,2025-11-05 08:05:52.743,Mommy Rainier 
1291583764165570560,waiver,complete,1762300075144,1762329952743,9,1129843037888204800,5,0,1,,Your waiver claim was processed successfully!,drop,7083,5,2025-11-04 23:47:55.144,2025-11-05 08:05:52.743,Mommy Rainier 
1291526767269384192,waiver,complete,1762286486025,1762329952743,9,1115878936925294592,8,0,3,,Your waiver claim was processed successfully!,add,11834,8,2025-11-04 20:01:26.025,2025-11-05 08:05:52.743,TRIPS 🔥
1291438817978368000,waiver,failed,1762265517280,1762329952743,9,725577957241896960,10,0,4,,This player was claimed by another owner.,add,7496,10,2025-11-04 14:11:57.280,2025-11-05 08:05:52.743,Rashid Shaheed Truthers
1291159253406449664,waiver,complete,1762198863892,1762329952743,9,865815956675538944,7,1,0,,Your waiver claim was processed successfully!,add,7585,7,2025-11-03 19:41:03.892,2025-11-05 08:05:52.743,2-Man Title Charge
1291159253406449664,waiver,complete,1762198863892,1762329952743,9,865815956675538944,7,1,0,,Your waiver claim was processed successfully!,drop,4219,7,2025-11-03 19:41:03.892,2025-11-05 08:05:52.743,2-Man Title Charge
1290481559123542016,waiver,complete,1762037288985,1762329952743,9,725577957241896960,10,0,2,,Your waiver claim was processed successfully!,add,7496,10,2025-11-01 22:48:08.985,2025-11-05 08:05:52.743,Rashid Shaheed Truthers
1294177282163744768,waiver,complete,1762918418021,1762934767613,10,865815956675538944,7,0,0,,Your waiver claim was processed successfully!,add,8208,7,2025-11-12 03:33:38.021,2025-11-12 08:06:07.613,2-Man Title Charge
1294177282163744768,waiver,complete,1762918418021,1762934767613,10,865815956675538944,7,0,0,,Your waiver claim was processed successfully!,drop,8119,7,2025-11-12 03:33:38.021,2025-11-12 08:06:07.613,2-Man Title Charge
1296772604601851904,waiver,complete,1763537191108,1763539575025,11,1129843037888204800,5,7,8,,Your waiver claim was processed successfully!,add,9479,5,2025-11-19 07:26:31.108,2025-11-19 08:06:15.025,Mommy Rainier 
1296772604601851904,waiver,complete,1763537191108,1763539575025,11,1129843037888204800,5,7,8,,Your waiver claim was processed successfully!,drop,8172,5,2025-11-19 07:26:31.108,2025-11-19 08:06:15.025,Mommy Rainier 
1296771058803675136,waiver,complete,1763536822562,1763539575025,11,1124978574760521728,12,2,9,,Your waiver claim was processed successfully!,add,11439,12,2025-11-19 07:20:22.562,2025-11-19 08:06:15.025,Paper Tigers
1296770683082137600,waiver,failed,1763536732983,1763539575025,11,1124978574760521728,12,1,11,,This player was claimed by another owner.,add,1166,12,2025-11-19 07:18:52.983,2025-11-19 08:06:15.025,Paper Tigers
1296767028908007425,waiver,failed,1763535861760,1763539575025,11,1129843037888204800,5,7,7,,This player was claimed by another owner.,add,1166,5,2025-11-19 07:04:21.760,2025-11-19 08:06:15.025,Mommy Rainier 
1296767028908007425,waiver,failed,1763535861760,1763539575025,11,1129843037888204800,5,7,7,,This player was claimed by another owner.,drop,12412,5,2025-11-19 07:04:21.760,2025-11-19 08:06:15.025,Mommy Rainier 
1296748839864111104,waiver,failed,1763531525154,1763539575025,11,596536664185163776,3,38,2,,This player was claimed by another owner.,add,1166,3,2025-11-19 05:52:05.154,2025-11-19 08:06:15.025,Bucky’s Depression
1296748839864111104,waiver,failed,1763531525154,1763539575025,11,596536664185163776,3,38,2,,This player was claimed by another owner.,drop,2306,3,2025-11-19 05:52:05.154,2025-11-19 08:06:15.025,Bucky’s Depression
1296673888092041216,waiver,complete,1763513655259,1763539575025,11,867921673234632704,2,84,0,,Your waiver claim was processed successfully!,add,1166,2,2025-11-19 00:54:15.259,2025-11-19 08:06:15.025,Like a Good Naber
1296644537308962816,waiver,failed,1763506657487,1763539575025,11,1129475833942372352,9,20,4,,This player was claimed by another owner.,add,4972,9,2025-11-18 22:57:37.487,2025-11-19 08:06:15.025,Gaeta Spur FC
1296532426826199040,waiver,failed,1763479928265,1763539575025,11,1129475833942372352,9,10,5,,This player was claimed by another owner.,add,1166,9,2025-11-18 15:32:08.265,2025-11-19 08:06:15.025,Gaeta Spur FC
1296520246248636416,waiver,failed,1763477024189,1763539575025,11,865815956675538944,7,1,10,,This player was claimed by another owner.,add,9479,7,2025-11-18 14:43:44.189,2025-11-19 08:06:15.025,2-Man Title Charge
1296520246248636416,waiver,failed,1763477024189,1763539575025,11,865815956675538944,7,1,10,,This player was claimed by another owner.,drop,8208,7,2025-11-18 14:43:44.189,2025-11-19 08:06:15.025,2-Man Title Charge
1296509268773593088,waiver,complete,1763474406955,1763539575025,11,1112526078167375872,6,35,3,,Your waiver claim was processed successfully!,add,4972,6,2025-11-18 14:00:06.955,2025-11-19 08:06:15.025,Mostly Washed
1296509035809378304,waiver,failed,1763474351411,1763539575025,11,1112526078167375872,6,75,1,,This player was claimed by another owner.,add,1166,6,2025-11-18 13:59:11.411,2025-11-19 08:06:15.025,Mostly Washed
1296279461406191616,waiver,failed,1763419616609,1763539575025,11,1051659324998668288,4,9,6,,This player was claimed by another owner.,add,1166,4,2025-11-17 22:46:56.609,2025-11-19 08:06:15.025,Spirit Halloween
1296279461406191616,waiver,failed,1763419616609,1763539575025,11,1051659324998668288,4,9,6,,This player was claimed by another owner.,drop,4040,4,2025-11-17 22:46:56.609,2025-11-19 08:06:15.025,Spirit Halloween
1294926363777564672,waiver,complete,1763097012994,1763265951202,11,725577957241896960,10,0,0,,Your waiver claim was processed successfully!,add,11299,10,2025-11-14 05:10:12.994,2025-11-16 04:05:51.202,Rashid Shaheed Truthers
1294411849835491328,waiver,complete,1762974343312,1763136941118,11,1124774814427832320,11,8,0,,Your waiver claim was processed successfully!,add,7585,11,2025-11-12 19:05:43.312,2025-11-14 16:15:41.118,On To 2026
1299304091087818752,waiver,failed,1764140744519,1764144365304,12,1129843037888204800,5,12,2,,This player was claimed by another owner.,add,12775,5,2025-11-26 07:05:44.519,2025-11-26 08:06:05.304,Mommy Rainier 
1299304091087818752,waiver,failed,1764140744519,1764144365304,12,1129843037888204800,5,12,2,,This player was claimed by another owner.,drop,12523,5,2025-11-26 07:05:44.519,2025-11-26 08:06:05.304,Mommy Rainier 
1299229397730983936,waiver,complete,1764122936236,1764144365304,12,725577957241896960,10,51,0,,Your waiver claim was processed successfully!,add,12775,10,2025-11-26 02:08:56.236,2025-11-26 08:06:05.304,Rashid Shaheed Truthers
1299229397730983936,waiver,complete,1764122936236,1764144365304,12,725577957241896960,10,51,0,,Your waiver claim was processed successfully!,drop,11299,10,2025-11-26 02:08:56.236,2025-11-26 08:06:05.304,Rashid Shaheed Truthers
1299215139198754816,waiver,failed,1764119536737,1764144365304,12,1115878936925294592,8,17,1,,This player was claimed by another owner.,add,12775,8,2025-11-26 01:12:16.737,2025-11-26 08:06:05.304,TRIPS 🔥
1299186126325551104,waiver,failed,1764112619529,1764144365304,12,1124774814427832320,11,6,3,,This player was claimed by another owner.,add,12775,11,2025-11-25 23:16:59.529,2025-11-26 08:06:05.304,On To 2026
1299186126325551104,waiver,failed,1764112619529,1764144365304,12,1124774814427832320,11,6,3,,This player was claimed by another owner.,drop,6151,11,2025-11-25 23:16:59.529,2025-11-26 08:06:05.304,On To 2026
1298931258549600256,waiver,complete,1764051854316,1764144365304,12,1115878936925294592,8,1,4,,Your waiver claim was processed successfully!,add,6920,8,2025-11-25 06:24:14.316,2025-11-26 08:06:05.304,TRIPS 🔥
1301851523726217216,waiver,complete,1764748099790,1764749190375,13,870177576986034176,1,0,3,,Your waiver claim was processed successfully!,add,4219,1,2025-12-03 07:48:19.790,2025-12-03 08:06:30.375,208 Ferrari Way
1301851523726217216,waiver,complete,1764748099790,1764749190375,13,870177576986034176,1,0,3,,Your waiver claim was processed successfully!,drop,3200,1,2025-12-03 07:48:19.790,2025-12-03 08:06:30.375,208 Ferrari Way
1301840382404882432,waiver,complete,1764745443491,1764749190375,13,1115878936925294592,8,17,1,,Your waiver claim was processed successfully!,add,2306,8,2025-12-03 07:04:03.491,2025-12-03 08:06:30.375,TRIPS 🔥
1301800571589648384,waiver,failed,1764735951854,1764749190375,13,1124978574760521728,12,0,5,,This player was claimed by another owner.,add,11834,12,2025-12-03 04:25:51.854,2025-12-03 08:06:30.375,Paper Tigers
1301800571589648384,waiver,failed,1764735951854,1764749190375,13,1124978574760521728,12,0,5,,This player was claimed by another owner.,drop,11439,12,2025-12-03 04:25:51.854,2025-12-03 08:06:30.375,Paper Tigers
1301769766733619200,waiver,complete,1764728607403,1764749190375,13,1129475833942372352,9,25,0,,Your waiver claim was processed successfully!,add,11834,9,2025-12-03 02:23:27.403,2025-12-03 08:06:30.375,Gaeta Spur FC
1301769766733619200,waiver,complete,1764728607403,1764749190375,13,1129475833942372352,9,25,0,,Your waiver claim was processed successfully!,drop,5773,9,2025-12-03 02:23:27.403,2025-12-03 08:06:30.375,Gaeta Spur FC
1301575941297823744,waiver,failed,1764682395819,1764749190375,13,865815956675538944,7,9,2,,This player was claimed by another owner.,add,11834,7,2025-12-02 13:33:15.819,2025-12-03 08:06:30.375,2-Man Title Charge
1301575941297823744,waiver,failed,1764682395819,1764749190375,13,865815956675538944,7,9,2,,This player was claimed by another owner.,drop,11377,7,2025-12-02 13:33:15.819,2025-12-03 08:06:30.375,2-Man Title Charge
1301397371199963137,waiver,failed,1764639821390,1764749190375,13,1124978574760521728,12,0,4,,This player was claimed by another owner.,add,2306,12,2025-12-02 01:43:41.390,2025-12-03 08:06:30.375,Paper Tigers
1301397371199963137,waiver,failed,1764639821390,1764749190375,13,1124978574760521728,12,0,4,,This player was claimed by another owner.,drop,11439,12,2025-12-02 01:43:41.390,2025-12-03 08:06:30.375,Paper Tigers
1304333324457631744,waiver,complete,1765339807193,1765353992251,14,1129475833942372352,9,10,2,,Your waiver claim was processed successfully!,add,8160,9,2025-12-10 04:10:07.193,2025-12-10 08:06:32.251,Gaeta Spur FC
1304333324457631744,waiver,complete,1765339807193,1765353992251,14,1129475833942372352,9,10,2,,Your waiver claim was processed successfully!,drop,8129,9,2025-12-10 04:10:07.193,2025-12-10 08:06:32.251,Gaeta Spur FC
1304240481651154944,waiver,complete,1765317671744,1765353992251,14,1129843037888204800,5,0,4,,Your waiver claim was processed successfully!,add,12470,5,2025-12-09 22:01:11.744,2025-12-10 08:06:32.251,Mommy Rainier 
1304240481651154944,waiver,complete,1765317671744,1765353992251,14,1129843037888204800,5,0,4,,Your waiver claim was processed successfully!,drop,11806,5,2025-12-09 22:01:11.744,2025-12-10 08:06:32.251,Mommy Rainier 
1304124088930816000,waiver,failed,1765289921556,1765353992251,14,1115878936925294592,8,0,6,,This player was claimed by another owner.,add,12470,8,2025-12-09 14:18:41.556,2025-12-10 08:06:32.251,TRIPS 🔥
1304124088930816000,waiver,failed,1765289921556,1765353992251,14,1115878936925294592,8,0,6,,This player was claimed by another owner.,drop,6920,8,2025-12-09 14:18:41.556,2025-12-10 08:06:32.251,TRIPS 🔥
1303942085610577920,waiver,complete,1765246528584,1765353992251,14,1051659324998668288,4,50,0,,Your waiver claim was processed successfully!,add,331,4,2025-12-09 02:15:28.584,2025-12-10 08:06:32.251,Spirit Halloween
1303904217928323072,waiver,failed,1765237500224,1765353992251,14,1129843037888204800,5,12,1,,"Unfortunately, your roster will have too many players after this transaction.",add,8160,5,2025-12-08 23:45:00.224,2025-12-10 08:06:32.251,Mommy Rainier 
1303786408246247424,waiver,failed,1765209412207,1765353992251,14,1129843037888204800,5,6,3,,"Unfortunately, your roster will have too many players after this transaction.",add,12470,5,2025-12-08 15:56:52.207,2025-12-10 08:06:32.251,Mommy Rainier 
1303160797513383936,waiver,complete,1765060254986,1765353992251,14,1124978574760521728,12,0,5,,Your waiver claim was processed successfully!,add,11783,12,2025-12-06 22:30:54.986,2025-12-10 08:06:32.251,Paper Tigers
1303160797513383936,waiver,complete,1765060254986,1765353992251,14,1124978574760521728,12,0,5,,Your waiver claim was processed successfully!,drop,11439,12,2025-12-06 22:30:54.986,2025-12-10 08:06:32.251,Paper Tigers
1306908618284617728,waiver,complete,1765953805088,1765958770198,15,1129843037888204800,5,0,8,3.0,Your waiver claim was processed successfully!,add,8800,5,2025-12-17 06:43:25.088,2025-12-17 08:06:10.198,Mommy Rainier 
1306908618284617728,waiver,complete,1765953805088,1765958770198,15,1129843037888204800,5,0,8,3.0,Your waiver claim was processed successfully!,drop,8122,5,2025-12-17 06:43:25.088,2025-12-17 08:06:10.198,Mommy Rainier 
1306908248867090432,waiver,complete,1765953717012,1765958770198,15,1129843037888204800,5,12,1,0.0,Your waiver claim was processed successfully!,add,11439,5,2025-12-17 06:41:57.012,2025-12-17 08:06:10.198,Mommy Rainier 
1306908248867090432,waiver,complete,1765953717012,1765958770198,15,1129843037888204800,5,12,1,0.0,Your waiver claim was processed successfully!,drop,11068,5,2025-12-17 06:41:57.012,2025-12-17 08:06:10.198,Mommy Rainier 
1306907731176722432,waiver,failed,1765953593586,1765958770198,15,1129843037888204800,5,12,3,2.0,You are over the budget for this transaction.,add,11588,5,2025-12-17 06:39:53.586,2025-12-17 08:06:10.198,Mommy Rainier 
1306907731176722432,waiver,failed,1765953593586,1765958770198,15,1129843037888204800,5,12,3,2.0,You are over the budget for this transaction.,drop,12523,5,2025-12-17 06:39:53.586,2025-12-17 08:06:10.198,Mommy Rainier 
1306903252545052672,waiver,failed,1765952525796,1765958770198,15,1129843037888204800,5,12,2,1.0,This player was claimed by another owner.,add,6011,5,2025-12-17 06:22:05.796,2025-12-17 08:06:10.198,Mommy Rainier 
1306903252545052672,waiver,failed,1765952525796,1765958770198,15,1129843037888204800,5,12,2,1.0,This player was claimed by another owner.,drop,12538,5,2025-12-17 06:22:05.796,2025-12-17 08:06:10.198,Mommy Rainier 
1306885419731787776,waiver,complete,1765948274122,1765958770198,15,1115878936925294592,8,0,7,,Your waiver claim was processed successfully!,add,7670,8,2025-12-17 05:11:14.122,2025-12-17 08:06:10.198,TRIPS 🔥
1306885419731787776,waiver,complete,1765948274122,1765958770198,15,1115878936925294592,8,0,7,,Your waiver claim was processed successfully!,drop,6920,8,2025-12-17 05:11:14.122,2025-12-17 08:06:10.198,TRIPS 🔥
1306885337171124224,waiver,failed,1765948254438,1765958770198,15,1115878936925294592,8,0,6,,This player was claimed by another owner.,add,11439,8,2025-12-17 05:10:54.438,2025-12-17 08:06:10.198,TRIPS 🔥
1306885337171124224,waiver,failed,1765948254438,1765958770198,15,1115878936925294592,8,0,6,,This player was claimed by another owner.,drop,6920,8,2025-12-17 05:10:54.438,2025-12-17 08:06:10.198,TRIPS 🔥
1306752831688036352,waiver,complete,1765916662670,1765958770198,15,867921673234632704,2,0,5,,Your waiver claim was processed successfully!,add,827,2,2025-12-16 20:24:22.670,2025-12-17 08:06:10.198,Like a Good Naber
1306752831688036352,waiver,complete,1765916662670,1765958770198,15,867921673234632704,2,0,5,,Your waiver claim was processed successfully!,drop,4993,2,2025-12-16 20:24:22.670,2025-12-17 08:06:10.198,Like a Good Naber
1306752744236781568,waiver,failed,1765916641819,1765958770198,15,867921673234632704,2,1,4,,This player was claimed by another owner.,add,6011,2,2025-12-16 20:24:01.819,2025-12-17 08:06:10.198,Like a Good Naber
1306752744236781568,waiver,failed,1765916641819,1765958770198,15,867921673234632704,2,1,4,,This player was claimed by another owner.,drop,4993,2,2025-12-16 20:24:01.819,2025-12-17 08:06:10.198,Like a Good Naber
1306654721569742848,waiver,complete,1765893271394,1765958770198,15,1129475833942372352,9,41,0,,Your waiver claim was processed successfully!,add,6011,9,2025-12-16 13:54:31.394,2025-12-17 08:06:10.198,Gaeta Spur FC
1306654721569742848,waiver,complete,1765893271394,1765958770198,15,1129475833942372352,9,41,0,,Your waiver claim was processed successfully!,drop,8135,9,2025-12-16 13:54:31.394,2025-12-17 08:06:10.198,Gaeta Spur FC
1305238236884377600,waiver,complete,1765555555128,1765632342434,15,865815956675538944,7,5,0,,Your waiver claim was processed successfully!,add,7571,7,2025-12-12 16:05:55.128,2025-12-13 13:25:42.434,2-Man Title Charge
1305238236884377600,waiver,complete,1765555555128,1765632342434,15,865815956675538944,7,5,0,,Your waiver claim was processed successfully!,drop,827,7,2025-12-12 16:05:55.128,2025-12-13 13:25:42.434,2-Man Title Charge
1309253455839232000,waiver,complete,1766512857926,1766563550766,16,865815956675538944,7,3,0,,Your waiver claim was processed successfully!,add,4381,7,2025-12-23 18:00:57.926,2025-12-24 08:05:50.766,2-Man Title Charge
1309253455839232000,waiver,complete,1766512857926,1766563550766,16,865815956675538944,7,3,0,,Your waiver claim was processed successfully!,drop,11650,7,2025-12-23 18:00:57.926,2025-12-24 08:05:50.766,2-Man Title Charge
1309019965872939008,waiver,complete,1766457189580,1766563550766,16,1124774814427832320,11,1,1,,Your waiver claim was processed successfully!,add,4454,11,2025-12-23 02:33:09.580,2025-12-24 08:05:50.766,On To 2026
1309019965872939008,waiver,complete,1766457189580,1766563550766,16,1124774814427832320,11,1,1,,Your waiver claim was processed successfully!,drop,2359,11,2025-12-23 02:33:09.580,2025-12-24 08:05:50.766,On To 2026
1308248183779921920,waiver,complete,1766273182391,1766563550766,16,870177576986034176,1,0,2,,Your waiver claim was processed successfully!,add,5854,1,2025-12-20 23:26:22.391,2025-12-24 08:05:50.766,208 Ferrari Way
1308248183779921920,waiver,complete,1766273182391,1766563550766,16,870177576986034176,1,0,2,,Your waiver claim was processed successfully!,drop,5857,1,2025-12-20 23:26:22.391,2025-12-24 08:05:50.766,208 Ferrari Way
1307500415083872256,waiver,complete,1766094900440,1766128538435,16,865815956675538944,7,1,0,,Your waiver claim was processed successfully!,add,8122,7,2025-12-18 21:55:00.440,2025-12-19 07:15:38.435,2-Man Title Charge
1311813525257097216,waiver,complete,1767123226040,1767165889799,17,865815956675538944,7,0,1,,Your waiver claim was processed successfully!,add,11650,7,2025-12-30 19:33:46.040,2025-12-31 07:24:49.799,2-Man Title Charge
1310484062430859264,waiver,complete,1766806257402,1767165889799,17,725577957241896960,10,1,0,,Your waiver claim was processed successfully!,add,8800,10,2025-12-27 03:30:57.402,2025-12-31 07:24:49.799,Rashid Shaheed Truthers
1310484062430859264,waiver,complete,1766806257402,1767165889799,17,725577957241896960,10,1,0,,Your waiver claim was processed successfully!,drop,7496,10,2025-12-27 03:30:57.402,2025-12-31 07:24:49.799,Rashid Shaheed Truthers
1312547594743857152,waiver,complete,1767298241844,1767341100323,1,1124774814427832320,11,0,0,,Your waiver claim was processed successfully!,add,11168,11,2026-01-01 20:10:41.844,2026-01-02 08:05:00.323,On To 2026
1312547594743857152,waiver,complete,1767298241844,1767341100323,1,1124774814427832320,11,0,0,,Your waiver claim was processed successfully!,drop,9220,11,2026-01-01 20:10:41.844,2026-01-02 08:05:00.323,On To 2026
1312264178794270720,waiver,failed,1767230670216,1767254689628,1,1124978574760521728,12,0,1,,This player was claimed by another owner.,add,12462,12,2026-01-01 01:24:30.216,2026-01-01 08:04:49.628,Paper Tigers
1312174805834792960,waiver,complete,1767209362042,1767254689628,1,870177576986034176,1,0,2,,Your waiver claim was processed successfully!,add,11377,1,2025-12-31 19:29:22.042,2026-01-01 08:04:49.628,208 Ferrari Way
1312174805834792960,waiver,complete,1767209362042,1767254689628,1,870177576986034176,1,0,2,,Your waiver claim was processed successfully!,drop,4718,1,2025-12-31 19:29:22.042,2026-01-01 08:04:49.628,208 Ferrari Way
1312174745168416768,waiver,complete,1767209347578,1767254689628,1,870177576986034176,1,1,0,,Your waiver claim was processed successfully!,add,12462,1,2025-12-31 19:29:07.578,2026-01-01 08:04:49.628,208 Ferrari Way
