trade_id,date,side,asset,type,pick_label,prod_then,ktc_then,prod_now,ktc_now
1296312256438497280,2025-11-18,A,2026 Round 4,draft_pick,4.06,867,1651.0,17,1619.0
1296312256438497280,2025-11-18,A,$15 FAAB,faab,,15,15.0,15,15.0
1296312256438497280,2025-11-18,A,$2 FAAB,faab,,2,2.0,2,2.0
1296312256438497280,2025-11-18,A,$8 FAAB,faab,,8,8.0,8,8.0
1296312256438497280,2025-11-18,B,DJ Giddens,player,,139,2012.0,18,1984.0
1296312256438497280,2025-11-18,B,$1 FAAB,faab,,1,1.0,1,1.0
1296287239650684928,2025-11-17,A,2028 Round 3,draft_pick,,65,2050.0,65,2079.0
1296287239650684928,2025-11-17,B,Michael Wilson,player,,0,1924.0,955,3765.0
1296216363412516864,2025-11-17,A,George Kittle,player,,1276,3926.0,650,3361.0
1296216363412516864,2025-11-17,B,2027 Round 2,draft_pick,,461,3371.0,458,3418.0
1296216363412516864,2025-11-17,B,2026 Round 2,draft_pick,2.11,174,3274.0,151,3063.0
1295662941210697728,2025-11-16,A,James Cook,player,,4962,5899.0,4927,6185.0
1295662941210697728,2025-11-16,B,Saquon Barkley,player,,0,5492.0,2317,5111.0
1294350847387398144,2025-11-12,A,Jonathon Brooks,player,,62,2232.0,439,3511.0
1294350847387398144,2025-11-12,A,Terrance Ferguson,player,,137,2449.0,206,2815.0
1294350847387398144,2025-11-12,A,Luther Burden,player,,962,3676.0,3596,5559.0
1294350847387398144,2025-11-12,A,2027 Round 3,draft_pick,,28,2276.0,27,2494.0
1294350847387398144,2025-11-12,A,2027 Round 3,draft_pick,,28,2276.0,27,2494.0
1294350847387398144,2025-11-12,B,Aaron Jones,player,,98,2447.0,99,2302.0
1294350847387398144,2025-11-12,B,George Pickens,player,,4495,5316.0,4613,6154.0
1294198173723557888,2025-11-12,A,Chuba Hubbard,player,,495,2773.0,381,3175.0
1294198173723557888,2025-11-12,B,DeAndre Hopkins,player,,60,60.0,3,3.0
1294198173723557888,2025-11-12,B,2026 Round 3,draft_pick,3.09,47,2338.0,40,2230.0
1294189559839465472,2025-11-12,A,Juwan Johnson,player,,84,2306.0,206,2351.0
1294189559839465472,2025-11-12,A,DeVonta Smith,player,,2952,4834.0,3787,5505.0
1294189559839465472,2025-11-12,A,2026 Round 4,draft_pick,4.06,867,1627.0,17,1619.0
1294189559839465472,2025-11-12,A,2027 Round 4,draft_pick,,10,1650.0,10,1714.0
1294189559839465472,2025-11-12,B,Bhayshul Tuten,player,,391,3073.0,1132,4429.0
1294189559839465472,2025-11-12,B,2026 Round 1,draft_pick,1.08,2212,4966.0,1817,4664.0
1294076505202098176,2025-11-11,A,Dontayvion Wicks,player,,182,2034.0,67,2550.0
1294076505202098176,2025-11-11,A,2026 Round 3,draft_pick,3.09,47,2333.0,40,2230.0
1294076505202098176,2025-11-11,B,Alvin Kamara,player,,969,2587.0,58,2092.0
1294061216544587776,2025-11-11,A,Cooper Kupp,player,,190,1791.0,21,1680.0
1294061216544587776,2025-11-11,A,Rico Dowdle,player,,469,4056.0,337,3098.0
1294061216544587776,2025-11-11,A,2026 Round 4,draft_pick,4.06,867,1633.0,17,1619.0
1294061216544587776,2025-11-11,B,Wan'Dale Robinson,player,,750,3111.0,884,3451.0
1294061216544587776,2025-11-11,B,2026 Round 2,draft_pick,2.11,174,3312.0,151,3063.0
1294061216544587776,2025-11-11,B,2027 Round 3,draft_pick,,28,2265.0,27,2494.0
1293486502654791680,2025-11-10,A,Justin Fields,player,,892,2615.0,79,1881.0
1293486502654791680,2025-11-10,A,2026 Round 3,draft_pick,3.09,47,2333.0,40,2230.0
1293486502654791680,2025-11-10,B,Geno Smith,player,,0,1968.0,269,2160.0
1293486502654791680,2025-11-10,B,2026 Round 2,draft_pick,2.11,174,3296.0,151,3063.0
1293486502654791680,2025-11-10,B,$1 FAAB,faab,,1,1.0,1,1.0
1290567058949427200,2025-11-02,A,Jonathon Brooks,player,,62,2254.0,439,3511.0
1290567058949427200,2025-11-02,A,2027 Round 3,draft_pick,,28,2215.0,27,2494.0
1290567058949427200,2025-11-02,B,Alvin Kamara,player,,969,2922.0,58,2092.0
1290362815730708480,2025-11-01,A,Tyrone Tracy,player,,366,3097.0,160,2590.0
1290362815730708480,2025-11-01,A,Kyle Monangai,player,,469,2881.0,513,3480.0
1290362815730708480,2025-11-01,A,Chris Godwin,player,,536,2817.0,553,2957.0
1290362815730708480,2025-11-01,B,Cedric Tillman,player,,220,2453.0,26,1706.0
1290362815730708480,2025-11-01,B,Shedeur Sanders,player,,306,2242.0,280,2655.0
1290362815730708480,2025-11-01,B,2027 Round 1,draft_pick,,4256,5090.0,4278,5509.0
1288261486111641600,2025-10-26,A,Davante Adams,player,,1105,3678.0,786,3431.0
1288261486111641600,2025-10-26,A,Wan'Dale Robinson,player,,750,3030.0,884,3451.0
1288261486111641600,2025-10-26,A,2027 Round 1,draft_pick,,4256,5116.0,4278,5509.0
1288261486111641600,2025-10-26,A,2028 Round 1,draft_pick,,2558,4397.0,2558,4553.0
1288261486111641600,2025-10-26,B,Rashee Rice,player,,3488,5935.0,2783,4988.0
1288261486111641600,2025-10-26,B,Rashod Bateman,player,,238,2469.0,42,2024.0
1287157631126876160,2025-10-23,A,Kayshon Boutte,player,,128,2908.0,133,2601.0
1287157631126876160,2025-10-23,B,Pat Bryant,player,,132,2253.0,118,2535.0
1287157631126876160,2025-10-23,B,2027 Round 4,draft_pick,,10,1578.0,10,1714.0
1286931153982361600,2025-10-23,A,Dont'e Thornton,player,,212,2595.0,10,1916.0
1286931153982361600,2025-10-23,A,2026 Round 3,draft_pick,3.09,47,2258.0,40,2230.0
1286931153982361600,2025-10-23,B,Alvin Kamara,player,,969,3167.0,58,2092.0
1286819210667765760,2025-10-22,A,Jerry Jeudy,player,,1448,3075.0,143,2464.0
1286819210667765760,2025-10-22,A,George Pickens,player,,4495,5356.0,4613,6154.0
1286819210667765760,2025-10-22,A,2026 Round 1,draft_pick,1.08,2212,5090.0,1817,4664.0
1286819210667765760,2025-10-22,A,2026 Round 2,draft_pick,2.11,174,3249.0,151,3063.0
1286819210667765760,2025-10-22,A,2027 Round 1,draft_pick,,4256,5140.0,4278,5509.0
1286819210667765760,2025-10-22,B,Travis Kelce,player,,382,2465.0,210,2557.0
1286819210667765760,2025-10-22,B,Justin Jefferson,player,,9513,8611.0,8032,7484.0
1286819210667765760,2025-10-22,B,Jordan Mason,player,,148,3694.0,159,2796.0
1286819210667765760,2025-10-22,B,2027 Round 3,draft_pick,,28,2213.0,27,2494.0
1286504609589776384,2025-10-21,A,Michael Pittman,player,,0,3656.0,736,3396.0
1286504609589776384,2025-10-21,A,Isiah Pacheco,player,,716,2614.0,75,2280.0
1286504609589776384,2025-10-21,A,2026 Round 4,draft_pick,4.06,867,1621.0,17,1619.0
1286504609589776384,2025-10-21,B,J.K. Dobbins,player,,205,3510.0,226,3106.0
1286504609589776384,2025-10-21,B,Tyjae Spears,player,,195,2764.0,82,2500.0
1286504609589776384,2025-10-21,B,2027 Round 3,draft_pick,,28,2222.0,27,2494.0
1282804334102343680,2025-10-11,A,Trey Benson,player,,405,3814.0,34,2033.0
1282804334102343680,2025-10-11,A,Tee Higgins,player,,2823,4671.0,2796,4958.0
1282804334102343680,2025-10-11,A,2026 Round 3,draft_pick,3.09,47,2263.0,40,2230.0
1282804334102343680,2025-10-11,A,2026 Round 2,draft_pick,2.11,174,3168.0,151,3063.0
1282804334102343680,2025-10-11,A,2026 Round 3,draft_pick,3.09,47,2263.0,40,2230.0
1282804334102343680,2025-10-11,B,David Njoku,player,,1252,2895.0,66,2236.0
1282804334102343680,2025-10-11,B,James Cook,player,,4962,6172.0,4927,6185.0
1282507621953204224,2025-10-10,A,2026 Round 3,draft_pick,3.09,47,2260.0,40,2230.0
1282507621953204224,2025-10-10,B,Kyle Williams,player,,163,2466.0,53,2076.0
1281385171571974144,2025-10-07,A,$11 FAAB,faab,,11,11.0,11,11.0
1281334172710883328,2025-10-07,A,Brenton Strange,player,,72,2963.0,563,3065.0
1281334172710883328,2025-10-07,B,Theo Johnson,player,,87,2132.0,35,2089.0
1278946311571251200,2025-10-01,A,Matthew Stafford,player,,0,2961.0,1223,3860.0
1278946311571251200,2025-10-01,A,2027 Round 4,draft_pick,,10,1666.0,10,1714.0
1278946311571251200,2025-10-01,B,Trevor Etienne,player,,35,2211.0,15,1911.0
1278946311571251200,2025-10-01,B,2026 Round 2,draft_pick,2.11,174,3149.0,151,3063.0
1278942529986764800,2025-10-01,A,D'Andre Swift,player,,929,3135.0,942,3750.0
1278942529986764800,2025-10-01,B,Brian Robinson,player,,731,2527.0,57,2362.0
1278942529986764800,2025-10-01,B,2026 Round 3,draft_pick,3.09,47,2313.0,40,2230.0
1278916121231106048,2025-10-01,A,Quentin Johnston,player,,232,4340.0,662,3448.0
1278916121231106048,2025-10-01,B,2027 Round 1,draft_pick,,4256,5180.0,4278,5509.0
1278793259467935744,2025-09-30,A,2026 Round 4,draft_pick,4.06,867,1676.0,17,1619.0
1278793259467935744,2025-09-30,B,Tyreek Hill,player,,2486,2744.0,289,1266.0
1278609411799027712,2025-09-30,A,Keenan Allen,player,,158,2925.0,16,1210.0
1278609411799027712,2025-09-30,A,2026 Round 3,draft_pick,3.09,47,2276.0,40,2230.0
1278609411799027712,2025-09-30,B,2027 Round 4,draft_pick,,10,1657.0,10,1714.0
1278609411799027712,2025-09-30,B,2026 Round 2,draft_pick,2.11,174,3148.0,151,3063.0
1278590799092658176,2025-09-30,A,Matthew Stafford,player,,0,2966.0,1223,3860.0
1278590799092658176,2025-09-30,A,2026 Round 3,draft_pick,3.09,47,2276.0,40,2230.0
1278590799092658176,2025-09-30,B,Mike Evans,player,,1297,3287.0,750,3293.0
1278590799092658176,2025-09-30,B,$19 FAAB,faab,,19,19.0,19,19.0
1277318767591825408,2025-09-26,B,$2 FAAB,faab,,2,2.0,2,2.0
1277109098646605824,2025-09-26,A,Marcus Mariota,player,,0,1343.0,15,1025.0
1277109098646605824,2025-09-26,B,$20 FAAB,faab,,20,20.0,20,20.0
1276812030426251264,2025-09-25,A,Taysom Hill,player,,0,0.0,3,3.0
1276812030426251264,2025-09-25,A,Noah Fant,player,,58,58.0,7,7.0
1276812030426251264,2025-09-25,B,MarShawn Lloyd,player,,4,1715.0,40,2146.0
1276246071017742336,2025-09-23,A,2027 Round 2,draft_pick,,461,3054.0,458,3418.0
1276246071017742336,2025-09-23,B,Wan'Dale Robinson,player,,750,2976.0,884,3451.0
1273767222258454528,2025-09-16,A,Kareem Hunt,player,,18,18.0,3,3.0
1273767222258454528,2025-09-16,B,2026 Round 4,draft_pick,4.06,867,1649.0,17,1619.0
1273723036767371264,2025-09-16,A,Tony Pollard,player,,901,3237.0,295,2757.0
1273723036767371264,2025-09-16,A,D'Andre Swift,player,,929,3285.0,942,3750.0
1273723036767371264,2025-09-16,A,Tee Higgins,player,,2823,5268.0,2796,4958.0
1273723036767371264,2025-09-16,A,Tyjae Spears,player,,195,2631.0,82,2500.0
1273723036767371264,2025-09-16,A,2027 Round 3,draft_pick,,28,2144.0,27,2494.0
1273723036767371264,2025-09-16,B,David Montgomery,player,,1140,3231.0,824,3449.0
1273723036767371264,2025-09-16,B,Michael Pittman,player,,0,3453.0,736,3396.0
1273723036767371264,2025-09-16,B,Isiah Pacheco,player,,716,2996.0,75,2280.0
1273723036767371264,2025-09-16,B,2027 Round 2,draft_pick,,461,3127.0,458,3418.0
1273723036767371264,2025-09-16,B,2026 Round 1,draft_pick,1.08,2212,5008.0,1817,4664.0
1272244641206398976,2025-09-12,A,Daniel Jones,player,,404,2967.0,1113,3923.0
1272244641206398976,2025-09-12,B,2026 Round 2,draft_pick,2.11,174,3108.0,151,3063.0
1264650342717472768,2025-08-22,A,TreVeyon Henderson,player,,2897,6056.0,2423,5220.0
1264650342717472768,2025-08-22,B,De'Von Achane,player,,4734,6329.0,4689,6856.0
1264067657422864384,2025-08-21,A,Joshua Palmer,player,,171,2148.0,8,1469.0
1264067657422864384,2025-08-21,A,Breece Hall,player,,5176,5054.0,4602,5249.0
1264067657422864384,2025-08-21,B,LeQuint Allen,player,,30,1293.0,13,2033.0
1264067657422864384,2025-08-21,B,George Pickens,player,,4495,4621.0,4613,6154.0
1264067657422864384,2025-08-21,B,2026 Round 1,draft_pick,1.08,2212,4906.0,1817,4664.0
1259713999834984449,2025-08-09,A,Shedeur Sanders,player,,306,2463.0,280,2655.0
1259713999834984449,2025-08-09,B,2026 Round 3,draft_pick,3.09,47,2143.0,40,2230.0
1259296297278525440,2025-08-07,A,Will Howard,player,,93,1970.0,18,1714.0
1259296297278525440,2025-08-07,B,2026 Round 3,draft_pick,3.09,47,2199.0,40,2230.0
1259245972907622400,2025-08-07,A,Quinshon Judkins,player,,2412,4044.0,2263,5411.0
1259245972907622400,2025-08-07,A,2026 Round 3,draft_pick,3.09,47,2199.0,40,2230.0
1259245972907622400,2025-08-07,B,Tahj Brooks,player,,0,2292.0,14,1575.0
1259245972907622400,2025-08-07,B,2027 Round 2,draft_pick,,461,3068.0,458,3418.0
1259245972907622400,2025-08-07,B,2026 Round 1,draft_pick,1.08,2212,4858.0,1817,4664.0
1259211370491023360,2025-08-07,A,Rome Odunze,player,,3335,5050.0,3243,5225.0
1259211370491023360,2025-08-07,A,Brian Robinson,player,,731,3104.0,57,2362.0
1259211370491023360,2025-08-07,A,2026 Round 1,draft_pick,1.08,2212,4858.0,1817,4664.0
1259211370491023360,2025-08-07,B,Nico Collins,player,,5362,6521.0,4506,5582.0
1259211370491023360,2025-08-07,B,2026 Round 2,draft_pick,2.11,174,3093.0,151,3063.0
1259206111249039360,2025-08-07,A,Mike Evans,player,,1297,3813.0,750,3293.0
1259206111249039360,2025-08-07,A,David Njoku,player,,1252,3121.0,66,2236.0
1259206111249039360,2025-08-07,A,Alvin Kamara,player,,969,3612.0,58,2092.0
1259206111249039360,2025-08-07,A,Christian Kirk,player,,289,2302.0,33,1784.0
1259206111249039360,2025-08-07,A,AJ Dillon,player,,0,0.0,2,2.0
1259206111249039360,2025-08-07,B,Calvin Ridley,player,,676,3185.0,49,1710.0
1259206111249039360,2025-08-07,B,Dallas Goedert,player,,399,2510.0,303,2628.0
1259206111249039360,2025-08-07,B,Tony Pollard,player,,901,2984.0,295,2757.0
1259206111249039360,2025-08-07,B,Noah Gray,player,,71,1872.0,6,1540.0
1259206111249039360,2025-08-07,B,Tyjae Spears,player,,195,2950.0,82,2500.0
1259206111249039360,2025-08-07,B,2026 Round 4,draft_pick,4.06,867,1600.0,17,1619.0
1259206111249039360,2025-08-07,B,2027 Round 2,draft_pick,,461,3068.0,458,3418.0
1256714512900292608,2025-07-31,A,Keon Coleman,player,,505,3380.0,54,2300.0
1256714512900292608,2025-07-31,A,2027 Round 2,draft_pick,,461,3057.0,458,3418.0
1256714512900292608,2025-07-31,B,T.J. Hockenson,player,,2055,3898.0,199,2609.0
1256714512900292608,2025-07-31,B,2026 Round 3,draft_pick,3.09,47,2198.0,40,2230.0
1251046974694637568,2025-07-16,A,Marquise Brown,player,,185,2302.0,0,1434.0
1251046974694637568,2025-07-16,B,2026 Round 3,draft_pick,3.09,47,2151.0,40,2230.0
1251038903863881728,2025-07-16,A,2026 Round 3,draft_pick,3.09,47,2151.0,40,2230.0
1251038903863881728,2025-07-16,A,2026 Round 4,draft_pick,4.06,867,1625.0,17,1619.0
1251038903863881728,2025-07-16,B,Phil Mafah,player,,18,1294.0,3,1231.0
1251038903863881728,2025-07-16,B,Javonte Williams,player,,207,2737.0,1602,4620.0
1248286928684462080,2025-07-08,A,Isiah Pacheco,player,,716,3206.0,75,2280.0
1248286928684462080,2025-07-08,B,2026 Round 2,draft_pick,2.11,174,3176.0,151,3063.0
1243355152602103808,2025-06-24,A,Jack Bech,player,,323,3252.0,85,2274.0
1243355152602103808,2025-06-24,A,Jauan Jennings,player,,571,3129.0,216,2293.0
1243355152602103808,2025-06-24,A,2026 Round 4,draft_pick,4.06,867,1570.0,17,1619.0
1243355152602103808,2025-06-24,B,Tyreek Hill,player,,2486,3717.0,289,1266.0
1243355152602103808,2025-06-24,B,2026 Round 2,draft_pick,2.11,174,3077.0,151,3063.0
1234547168593858560,2025-05-31,A,Josh Jacobs,player,,3266,4869.0,1020,4114.0
1234547168593858560,2025-05-31,A,2027 Round 1,draft_pick,,4256,4773.0,4278,5509.0
1234547168593858560,2025-05-31,B,David Montgomery,player,,1140,3696.0,824,3449.0
1234547168593858560,2025-05-31,B,2026 Round 1,draft_pick,1.08,2212,4863.0,1817,4664.0
1234547168593858560,2025-05-31,B,2026 Round 2,draft_pick,2.11,174,3161.0,151,3063.0
1230670926694076416,2025-05-20,A,Keenan Allen,player,,158,1737.0,16,1210.0
1230670926694076416,2025-05-20,A,Jonnu Smith,player,,592,2638.0,7,669.0
1230670926694076416,2025-05-20,B,Brenton Strange,player,,72,2604.0,563,3065.0
1230670926694076416,2025-05-20,B,2026 Round 4,draft_pick,4.06,867,1594.0,17,1619.0
1230259367983456256,2025-05-19,A,2026 Round 4,draft_pick,4.06,867,1588.0,17,1619.0
1230259367983456256,2025-05-19,B,2026 Round 4,draft_pick,4.06,867,1588.0,17,1619.0
1228149347338698753,2025-05-13,A,2026 Round 2,draft_pick,2.11,174,3171.0,151,3063.0
1228149347338698753,2025-05-13,B,Brashard Smith,player,,38,1472.0,16,1666.0
1228149347338698753,2025-05-13,B,2026 Round 3,draft_pick,3.09,47,2243.0,40,2230.0
1227129044529582080,2025-05-11,A,Javonte Williams,player,,207,2731.0,1602,4620.0
1227129044529582080,2025-05-11,B,2026 Round 4,draft_pick,4.06,867,1531.0,17,1619.0
1227129044529582080,2025-05-11,B,$10 FAAB,faab,,10,10.0,10,10.0
1226043559040270336,2025-05-08,A,Khalil Shakir,player,,1072,3626.0,402,2867.0
1226043559040270336,2025-05-08,B,2026 Round 2,draft_pick,2.11,174,3186.0,151,3063.0
1226043559040270336,2025-05-08,B,2026 Round 4,draft_pick,4.06,867,1540.0,17,1619.0
1225522406177652736,2025-05-06,A,Ladd McConkey,player,,4950,6371.0,3699,5588.0
1225522406177652736,2025-05-06,A,Mason Taylor,player,,272,2844.0,88,2258.0
1225522406177652736,2025-05-06,A,Brian Robinson,player,,731,3338.0,57,2362.0
1225522406177652736,2025-05-06,B,Tyler Warren,player,,1719,4695.0,2687,5928.0
1225522406177652736,2025-05-06,B,Josh Jacobs,player,,3266,4767.0,1020,4114.0
1225522406177652736,2025-05-06,B,George Pickens,player,,4495,4080.0,4613,6154.0
1225522406177652736,2025-05-06,B,2026 Round 3,draft_pick,3.09,47,2192.0,40,2230.0
1225160597755142144,2025-05-05,A,Geno Smith,player,,0,3290.0,269,2160.0
1225160597755142144,2025-05-05,A,2027 Round 3,draft_pick,,28,2064.0,27,2494.0
1225160597755142144,2025-05-05,B,Will Howard,player,,93,2208.0,18,1714.0
1225160597755142144,2025-05-05,B,2026 Round 2,draft_pick,2.11,174,3198.0,151,3063.0
1225135748596899840,2025-05-05,A,Tyjae Spears,player,,195,2937.0,82,2500.0
1225135748596899840,2025-05-05,B,2026 Round 3,draft_pick,3.09,47,2197.0,40,2230.0
1225135748596899840,2025-05-05,B,2027 Round 4,draft_pick,,10,1373.0,10,1714.0
1224849692341309440,2025-05-04,A,Stefon Diggs,player,,236,2883.0,192,2827.0
1224849692341309440,2025-05-04,A,Brian Robinson,player,,731,3337.0,57,2362.0
1224849692341309440,2025-05-04,B,Tyjae Spears,player,,195,2919.0,82,2500.0
1224849692341309440,2025-05-04,B,2026 Round 4,draft_pick,4.06,867,1547.0,17,1619.0
1224849692341309440,2025-05-04,B,2027 Round 2,draft_pick,,461,3047.0,458,3418.0
1224449044198203392,2025-05-03,A,Rashee Rice,player,,3488,5334.0,2783,4988.0
1224449044198203392,2025-05-03,A,Will Howard,player,,93,2202.0,18,1714.0
1224449044198203392,2025-05-03,A,2026 Round 2,draft_pick,2.11,174,3159.0,151,3063.0
1224449044198203392,2025-05-03,A,2027 Round 1,draft_pick,,4256,4611.0,4278,5509.0
1224449044198203392,2025-05-03,B,Brian Thomas,player,,6782,7551.0,1889,4813.0
1224449044198203392,2025-05-03,B,Will Levis,player,,83,1466.0,2,1129.0
1224449044198203392,2025-05-03,B,2026 Round 4,draft_pick,4.06,867,1550.0,17,1619.0
1224449044198203392,2025-05-03,B,2027 Round 4,draft_pick,,10,1382.0,10,1714.0
1223771077000306688,2025-05-01,A,DeMario Douglas,player,,112,2222.0,26,1871.0
1223771077000306688,2025-05-01,B,Quentin Johnston,player,,232,2421.0,662,3448.0
1223711584585531392,2025-05-01,A,2025 Round 4,draft_pick,,18,1944.0,2,1575.0
1223711584585531392,2025-05-01,B,2026 Round 4,draft_pick,4.06,867,1546.0,17,1619.0
1223711584585531392,2025-05-01,B,$22 FAAB,faab,,22,22.0,22,22.0
1223665024673783808,2025-05-01,A,2025 Round 4,draft_pick,,18,2126.0,2,2158.0
1223665024673783808,2025-05-01,B,2025 Round 4,draft_pick,,18,2126.0,2,2158.0
1223665024673783808,2025-05-01,B,2026 Round 4,draft_pick,4.06,867,1546.0,17,1619.0
1223664469255671808,2025-05-01,A,Will Shipley,player,,35,1700.0,11,1457.0
1223664469255671808,2025-05-01,A,Justice Hill,player,,43,1428.0,10,1485.0
1223664469255671808,2025-05-01,B,$5 FAAB,faab,,5,5.0,5,5.0
1223663647079792640,2025-05-01,A,Zach Wilson,player,,3,3.0,2,2.0
1223663647079792640,2025-05-01,B,$1 FAAB,faab,,1,1.0,1,1.0
1223657978725400576,2025-05-01,A,2025 Round 4,draft_pick,,18,2715.0,2,2815.0
1223657978725400576,2025-05-01,B,2026 Round 3,draft_pick,3.09,47,2189.0,40,2230.0
1223523595133657088,2025-05-01,A,Trey Benson,player,,405,3147.0,34,2033.0
1223523595133657088,2025-05-01,A,2026 Round 3,draft_pick,3.09,47,2189.0,40,2230.0
1223523595133657088,2025-05-01,B,Jerry Jeudy,player,,1448,3796.0,143,2464.0
1223523595133657088,2025-05-01,B,2025 Round 4,draft_pick,,18,1972.0,2,2535.0
1223496024669028352,2025-05-01,A,Tyler Allgeier,player,,126,2232.0,188,2702.0
1223496024669028352,2025-05-01,A,2025 Round 4,draft_pick,,18,2185.0,2,1984.0
1223496024669028352,2025-05-01,B,2025 Round 3,draft_pick,,50,2966.0,2119,2568.0
1223495018262581248,2025-05-01,A,Tucker Kraft,player,,994,3301.0,2216,4899.0
1223495018262581248,2025-05-01,B,2025 Round 3,draft_pick,,50,2797.0,2119,2258.0
1223467807560183808,2025-05-01,A,2025 Round 2,draft_pick,,707,3151.0,3596,2215.0
1223467807560183808,2025-05-01,A,2025 Round 4,draft_pick,,18,2171.0,2,1714.0
1223467807560183808,2025-05-01,B,Adonai Mitchell,player,,169,2682.0,134,2583.0
1223467807560183808,2025-05-01,B,Tutu Atwell,player,,22,22.0,8,8.0
1223467807560183808,2025-05-01,B,2025 Round 4,draft_pick,,18,2171.0,2,1714.0
1223423845638090752,2025-04-30,A,2025 Round 4,draft_pick,,18,1448.0,2,2740.0
1223423845638090752,2025-04-30,A,2025 Round 2,draft_pick,,707,2930.0,3596,4429.0
1223423845638090752,2025-04-30,B,2025 Round 2,draft_pick,,707,2930.0,3596,4429.0
1223423845638090752,2025-04-30,B,2025 Round 3,draft_pick,,50,2506.0,2119,2442.0
1223400000990486528,2025-04-30,A,Noah Gray,player,,71,2061.0,6,1540.0
1223400000990486528,2025-04-30,A,2025 Round 2,draft_pick,,707,3766.0,3596,3421.0
1223400000990486528,2025-04-30,B,Jalen McMillan,player,,826,3026.0,275,2990.0
1223400000990486528,2025-04-30,B,Jonnu Smith,player,,592,2663.0,7,669.0
1223400000990486528,2025-04-30,B,Khalil Shakir,player,,1072,3682.0,402,2867.0
1223398803554451456,2025-04-30,A,2025 Round 2,draft_pick,,707,3579.0,3596,4845.0
1223398803554451456,2025-04-30,A,2026 Round 2,draft_pick,2.11,174,3234.0,151,3063.0
1223398803554451456,2025-04-30,A,2025 Round 3,draft_pick,,50,2492.0,2119,1884.0
1223398803554451456,2025-04-30,B,2025 Round 3,draft_pick,,50,2492.0,2119,1884.0
1223398803554451456,2025-04-30,B,2025 Round 2,draft_pick,,707,3579.0,3596,4845.0
1223365523358621696,2025-04-30,A,2026 Round 1,draft_pick,1.08,2212,4714.0,1817,4664.0
1223365523358621696,2025-04-30,A,2025 Round 3,draft_pick,,50,2436.0,2119,4748.0
1223365523358621696,2025-04-30,B,2025 Round 2,draft_pick,,707,4230.0,3596,6261.0
1223059650442706944,2025-04-29,A,2025 Round 1,draft_pick,,2904,6074.0,2263,7034.0
1223059650442706944,2025-04-29,A,2025 Round 1,draft_pick,,2904,6074.0,2263,7034.0
1223059650442706944,2025-04-29,B,2025 Round 1,draft_pick,,2904,6074.0,2263,7034.0
1223059650442706944,2025-04-29,B,2025 Round 1,draft_pick,,2904,6074.0,2263,7034.0
1223058419775193088,2025-04-29,A,Tony Pollard,player,,901,2988.0,295,2757.0
1223058419775193088,2025-04-29,A,Khalil Shakir,player,,1072,3651.0,402,2867.0
1223058419775193088,2025-04-29,A,2025 Round 1,draft_pick,,2904,5297.0,2263,5220.0
1223058419775193088,2025-04-29,B,Joe Mixon,player,,1514,1514.0,8,8.0
1223058419775193088,2025-04-29,B,Deebo Samuel,player,,727,3047.0,107,2401.0
1223058419775193088,2025-04-29,B,2026 Round 1,draft_pick,1.08,2212,4776.0,1817,4664.0
1223058419775193088,2025-04-29,B,2026 Round 1,draft_pick,1.08,2212,4776.0,1817,4664.0
1223003680916123648,2025-04-29,A,Ladd McConkey,player,,4950,6392.0,3699,5588.0
1223003680916123648,2025-04-29,A,2025 Round 1,draft_pick,,2904,5099.0,2263,5411.0
1223003680916123648,2025-04-29,A,2026 Round 3,draft_pick,3.09,47,2201.0,40,2230.0
1223003680916123648,2025-04-29,B,CeeDee Lamb,player,,8518,7964.0,7521,7162.0
1223003680916123648,2025-04-29,B,2025 Round 2,draft_pick,,707,3696.0,3596,3421.0
1222779260813459456,2025-04-29,A,Ray Davis,player,,36,2639.0,36,1947.0
1222779260813459456,2025-04-29,A,Geno Smith,player,,0,3386.0,269,2160.0
1222779260813459456,2025-04-29,A,James Cook,player,,4962,4747.0,4927,6185.0
1222779260813459456,2025-04-29,A,2025 Round 1,draft_pick,,2904,5590.0,2263,5143.0
1222779260813459456,2025-04-29,B,Christian McCaffrey,player,,3391,4634.0,3391,5366.0
1222779260813459456,2025-04-29,B,Baker Mayfield,player,,2655,5392.0,2693,4647.0
1222779260813459456,2025-04-29,B,J.K. Dobbins,player,,205,2273.0,226,3106.0
1222779260813459456,2025-04-29,B,2025 Round 2,draft_pick,,707,3574.0,3596,4845.0
1222706043209924608,2025-04-28,A,Tank Dell,player,,80,2804.0,80,2643.0
1222706043209924608,2025-04-28,A,2025 Round 1,draft_pick,,2904,4651.0,2263,6292.0
1222706043209924608,2025-04-28,B,Courtland Sutton,player,,1013,3498.0,741,3088.0
1222706043209924608,2025-04-28,B,2025 Round 2,draft_pick,,707,2510.0,3596,4429.0
1222706043209924608,2025-04-28,B,2025 Round 3,draft_pick,,50,2092.0,2119,2291.0
1220272163022438400,2025-04-22,A,Justin Fields,player,,892,4132.0,79,1881.0
1220272163022438400,2025-04-22,A,Brenton Strange,player,,72,2748.0,563,3065.0
1220272163022438400,2025-04-22,A,2025 Round 2,draft_pick,,707,3366.0,3596,4845.0
1220272163022438400,2025-04-22,B,Davante Adams,player,,1105,3644.0,786,3431.0
1220272163022438400,2025-04-22,B,2025 Round 1,draft_pick,,2904,3990.0,2263,6292.0
1220272163022438400,2025-04-22,B,2025 Round 3,draft_pick,,50,2009.0,2119,4748.0
1211903239012765696,2025-03-30,A,2026 Round 2,draft_pick,2.11,174,3075.0,151,3063.0
1211903239012765696,2025-03-30,A,2027 Round 3,draft_pick,,28,2065.0,27,2494.0
1211903239012765696,2025-03-30,B,2025 Round 2,draft_pick,,707,3319.0,3596,4845.0
1207589817261490176,2025-03-18,A,Jaxon Smith-Njigba,player,,4559,6559.0,8579,9306.0
1207589817261490176,2025-03-18,A,2026 Round 1,draft_pick,1.08,2212,4859.0,1817,4664.0
1207589817261490176,2025-03-18,A,2025 Round 2,draft_pick,,707,4460.0,3596,5928.0
1207589817261490176,2025-03-18,B,Ray Davis,player,,36,2553.0,36,1947.0
1207589817261490176,2025-03-18,B,James Cook,player,,4962,5410.0,4927,6185.0
1207589817261490176,2025-03-18,B,Tucker Kraft,player,,994,3428.0,2216,4899.0
1207589817261490176,2025-03-18,B,2025 Round 1,draft_pick,,2904,5350.0,2263,5143.0
1206314724464001024,2025-03-14,A,2025 Round 2,draft_pick,,707,3144.0,3596,4845.0
1206314724464001024,2025-03-14,A,2025 Round 2,draft_pick,,707,3144.0,3596,4845.0
1206314724464001024,2025-03-14,B,2025 Round 1,draft_pick,,2904,4648.0,2263,5411.0
1344753356916146176,2026-03-31,A,Jordan James,player,,0,1929.0,26,2158.0
1344753356916146176,2026-03-31,A,Ollie Gordon,player,,0,2522.0,39,2318.0
1344753356916146176,2026-03-31,A,Chig Okonkwo,player,,0,2758.0,376,2860.0
1344753356916146176,2026-03-31,B,Chimere Dike,player,,0,2741.0,73,2181.0
1344753356916146176,2026-03-31,B,Geno Smith,player,,0,2125.0,269,2160.0
1344753356916146176,2026-03-31,B,2026 Round 3,draft_pick,3.09,47,2241.0,40,2230.0
1343720269935558656,2026-03-28,A,Tahj Brooks,player,,0,1725.0,14,1575.0
1343720269935558656,2026-03-28,A,Saquon Barkley,player,,0,4907.0,2317,5111.0
1343720269935558656,2026-03-28,A,Michael Pittman,player,,0,3517.0,736,3396.0
1343720269935558656,2026-03-28,B,Kyle Monangai,player,,469,3549.0,513,3480.0
1343720269935558656,2026-03-28,B,Matthew Stafford,player,,0,3733.0,1223,3860.0
1343720269935558656,2026-03-28,B,D'Andre Swift,player,,929,3524.0,942,3750.0
1343720269935558656,2026-03-28,B,2026 Round 4,draft_pick,4.06,867,1660.0,17,1619.0
1337134442841378816,2026-03-10,A,Michael Wilson,player,,0,3765.0,955,3765.0
1337134442841378816,2026-03-10,A,2026 Round 3,draft_pick,3.09,47,2276.0,40,2230.0
1337134442841378816,2026-03-10,A,2026 Round 3,draft_pick,3.09,47,2276.0,40,2230.0
1337134442841378816,2026-03-10,B,Baker Mayfield,player,,2655,4816.0,2693,4647.0
1337134442841378816,2026-03-10,B,2026 Round 4,draft_pick,4.06,867,1642.0,17,1619.0
1335782944433790976,2026-03-06,A,Jacory Croskey-Merritt,player,,240,2817.0,199,3085.0
1335782944433790976,2026-03-06,A,Rachaad White,player,,110,2641.0,235,2810.0
1335782944433790976,2026-03-06,A,2026 Round 4,draft_pick,4.06,867,1656.0,17,1619.0
1335782944433790976,2026-03-06,B,DJ Moore,player,,858,3941.0,1398,3588.0
1354504941384794112,2026-04-27,A,Wan'Dale Robinson,player,,750,3633.0,884,3451.0
1354504941384794112,2026-04-27,B,Terry McLaurin,player,,1158,3476.0,1401,3507.0
1354530759280455680,2026-04-27,A,2026 Round 1,draft_pick,1.08,2212,4716.0,1817,4664.0
1354530759280455680,2026-04-27,A,2026 Round 2,draft_pick,2.11,174,3012.0,151,3063.0
1354530759280455680,2026-04-27,B,2026 Round 1,draft_pick,1.08,2212,4716.0,1817,4664.0
1354897993991454720,2026-04-28,A,Xavier Worthy,player,,976,3359.0,662,3328.0
1354897993991454720,2026-04-28,B,2026 Round 2,draft_pick,2.11,174,3019.0,151,3063.0
1355578317075406848,2026-04-30,A,2026 Round 3,draft_pick,3.09,47,2116.0,40,2230.0
1355578317075406848,2026-04-30,B,Jordan Mason,player,,148,2702.0,159,2796.0
1355348943742988288,2026-04-29,A,$20 FAAB,faab,,20,20.0,20,20.0
1355348943742988288,2026-04-29,B,Ray Davis,player,,36,1971.0,36,1947.0
1355347137491124224,2026-04-29,A,Pat Bryant,player,,132,2620.0,118,2535.0
1355347137491124224,2026-04-29,A,2027 Round 4,draft_pick,,10,1682.0,10,1714.0
1355347137491124224,2026-04-29,B,2026 Round 3,draft_pick,3.09,47,2111.0,40,2230.0
1355265411066634240,2026-04-29,A,2026 Round 2,draft_pick,2.11,174,3011.0,151,3063.0
1355265411066634240,2026-04-29,B,Mark Andrews,player,,252,2813.0,341,2693.0
1355614830769217536,2026-04-30,A,Tua Tagovailoa,player,,960,2770.0,944,2597.0
1355614830769217536,2026-04-30,B,Kirk Cousins,player,,46,1981.0,67,1923.0
1355614830769217536,2026-04-30,B,2026 Round 3,draft_pick,3.09,47,2116.0,40,2230.0
1357507526374998016,2026-05-05,A,Stefon Diggs,player,,236,2143.0,192,2827.0
1357507526374998016,2026-05-05,A,2027 Round 4,draft_pick,,10,1754.0,10,1714.0
1357507526374998016,2026-05-05,B,Bryce Lance,player,,50,1010.0,50,1801.0
1357507526374998016,2026-05-05,B,2027 Round 3,draft_pick,,28,2461.0,27,2494.0
1356867177117937664,2026-05-04,A,2027 Round 4,draft_pick,,10,1748.0,10,1714.0
1356867177117937664,2026-05-04,B,Aaron Jones,player,,98,2212.0,99,2302.0
1388760077904650240,2026-07-31,A,Garrett Wilson,player,,4824,5567.0,4790,5545.0
1388760077904650240,2026-07-31,A,2027 Round 2,draft_pick,,461,3387.0,458,3418.0
1388760077904650240,2026-07-31,A,2027 Round 3,draft_pick,,28,2496.0,27,2494.0
1388760077904650240,2026-07-31,B,D'Andre Swift,player,,929,3725.0,942,3750.0
1388760077904650240,2026-07-31,B,George Pickens,player,,4495,6109.0,4613,6154.0
1388760077904650240,2026-07-31,B,2027 Round 4,draft_pick,,10,1749.0,10,1714.0
1388678727138840576,2026-07-30,A,$21 FAAB,faab,,21,21.0,21,21.0
1388678727138840576,2026-07-30,B,Jameis Winston,player,,15,1251.0,15,1219.0
1388633217661145088,2026-07-30,A,Tank Dell,player,,80,2575.0,80,2643.0
1388633217661145088,2026-07-30,B,2028 Round 3,draft_pick,,65,2145.0,65,2079.0
1388605639894249472,2026-07-30,A,Baker Mayfield,player,,2655,4677.0,2693,4647.0
1388605639894249472,2026-07-30,A,Jonathan Taylor,player,,4538,6092.0,4538,6294.0
1388605639894249472,2026-07-30,A,Sean Tucker,player,,30,2283.0,34,2139.0
1388605639894249472,2026-07-30,B,Dylan Sampson,player,,134,2775.0,131,2632.0
1388605639894249472,2026-07-30,B,Woody Marks,player,,179,2720.0,187,2740.0
1388605639894249472,2026-07-30,B,Quinshon Judkins,player,,2412,5537.0,2263,5411.0
1388605639894249472,2026-07-30,B,Dak Prescott,player,,4858,4965.0,4858,4984.0
1388374053886099456,2026-07-30,A,Marvin Harrison,player,,3804,4862.0,3778,4832.0
1388374053886099456,2026-07-30,A,Kenny Gainwell,player,,253,2979.0,271,2961.0
1388374053886099456,2026-07-30,B,Jonathan Taylor,player,,4538,6092.0,4538,6294.0
1390130079702487040,2026-08-03,A,Kyle Monangai,player,,469,3490.0,513,3480.0
1390130079702487040,2026-08-03,A,2027 Round 3,draft_pick,,28,2574.0,27,2494.0
1390130079702487040,2026-08-03,B,Derrick Henry,player,,1192,4195.0,1172,4159.0
1391178896967229440,2026-08-06,A,2027 Round 1,draft_pick,,4256,5587.0,4278,5509.0
1391178896967229440,2026-08-06,B,Tee Higgins,player,,2823,4929.0,2796,4958.0
1390796022585774080,2026-08-05,A,Jayden Higgins,player,,814,3407.0,799,3421.0
1390796022585774080,2026-08-05,A,De'Von Achane,player,,4734,6796.0,4689,6856.0
1390796022585774080,2026-08-05,B,Tank Bigsby,player,,82,2670.0,75,2640.0
1390796022585774080,2026-08-05,B,2027 Round 1,draft_pick,,4256,5556.0,4278,5509.0
1390759953450414080,2026-08-05,A,Bo Nix,player,,5489,5913.0,5849,5953.0
1390759953450414080,2026-08-05,A,Skyler Bell,player,,121,2366.0,108,2355.0
1390759953450414080,2026-08-05,B,James Cook,player,,4962,6165.0,4927,6185.0
1391287814628311040,2026-08-07,A,Roman Wilson,player,,3,1801.0,3,1864.0
1391287814628311040,2026-08-07,A,2028 Round 3,draft_pick,,65,2089.0,65,2079.0
1391287814628311040,2026-08-07,B,Ray Davis,player,,36,1955.0,36,1947.0
