year,round,tier,date,value
2024,1,Early,2024-08-16,6552
2024,1,Late,2024-08-16,1498
2024,1,Mid,2024-08-16,3119
2024,2,Early,2024-08-16,751
2024,2,Late,2024-08-16,213
2024,2,Mid,2024-08-16,392
2024,3,Early,2024-08-16,121
2024,3,Late,2024-08-16,44
2024,3,Mid,2024-08-16,71
2024,4,Early,2024-08-16,28
2024,4,Late,2024-08-16,14
2024,4,Mid,2024-08-16,20
2024,5,Early,2024-08-16,12
2024,5,Late,2024-08-16,7
2024,5,Mid,2024-08-16,9
2025,1,Early,2024-08-16,5151
2025,1,Late,2024-08-16,1175
2025,1,Mid,2024-08-16,2441
2025,2,Early,2024-08-16,590
2025,2,Late,2024-08-16,168
2025,2,Mid,2024-08-16,308
2025,3,Early,2024-08-16,95
2025,3,Late,2024-08-16,35
2025,3,Mid,2024-08-16,56
2025,4,Early,2024-08-16,23
2025,4,Late,2024-08-16,12
2025,4,Mid,2024-08-16,16
2024,1,Early,2024-08-23,6933
2024,1,Late,2024-08-23,1501
2024,1,Mid,2024-08-23,3219
2024,2,Early,2024-08-23,735
2024,2,Late,2024-08-23,202
2024,2,Mid,2024-08-23,376
2024,3,Early,2024-08-23,113
2024,3,Late,2024-08-23,40
2024,3,Mid,2024-08-23,66
2024,4,Early,2024-08-23,26
2024,4,Late,2024-08-23,14
2024,4,Mid,2024-08-23,18
2024,5,Early,2024-08-23,10
2024,5,Late,2024-08-23,6
2024,5,Mid,2024-08-23,8
2025,1,Early,2024-08-23,5450
2025,1,Late,2024-08-23,1176
2025,1,Mid,2024-08-23,2514
2025,2,Early,2024-08-23,577
2025,2,Late,2024-08-23,159
2025,2,Mid,2024-08-23,296
2025,3,Early,2024-08-23,90
2025,3,Late,2024-08-23,32
2025,3,Mid,2024-08-23,52
2025,4,Early,2024-08-23,21
2025,4,Late,2024-08-23,11
2025,4,Mid,2024-08-23,14
2024,1,Early,2024-08-30,6360
2024,1,Late,2024-08-30,1496
2024,1,Mid,2024-08-30,3062
2024,2,Early,2024-08-30,762
2024,2,Late,2024-08-30,224
2024,2,Mid,2024-08-30,405
2024,3,Early,2024-08-30,129
2024,3,Late,2024-08-30,48
2024,3,Mid,2024-08-30,77
2024,4,Early,2024-08-30,32
2024,4,Late,2024-08-30,17
2024,4,Mid,2024-08-30,22
2024,5,Early,2024-08-30,13
2024,5,Late,2024-08-30,8
2024,5,Mid,2024-08-30,10
2025,1,Early,2024-08-30,4999
2025,1,Late,2024-08-30,1174
2025,1,Mid,2024-08-30,2399
2025,2,Early,2024-08-30,600
2025,2,Late,2024-08-30,177
2025,2,Mid,2024-08-30,319
2025,3,Early,2024-08-30,102
2025,3,Late,2024-08-30,38
2025,3,Mid,2024-08-30,61
2025,4,Early,2024-08-30,26
2025,4,Late,2024-08-30,14
2025,4,Mid,2024-08-30,18
2024,1,Early,2024-09-06,6502
2024,1,Late,2024-09-06,1517
2024,1,Mid,2024-09-06,3124
2024,2,Early,2024-09-06,768
2024,2,Late,2024-09-06,223
2024,2,Mid,2024-09-06,406
2024,3,Early,2024-09-06,128
2024,3,Late,2024-09-06,47
2024,3,Mid,2024-09-06,76
2024,4,Early,2024-09-06,31
2024,4,Late,2024-09-06,16
2024,4,Mid,2024-09-06,22
2024,5,Early,2024-09-06,12
2024,5,Late,2024-09-06,8
2024,5,Mid,2024-09-06,10
2025,1,Early,2024-09-06,5432
2025,1,Late,2024-09-06,1265
2025,1,Mid,2024-09-06,2599
2025,2,Early,2024-09-06,642
2025,2,Late,2024-09-06,187
2025,2,Mid,2024-09-06,340
2025,3,Early,2024-09-06,107
2025,3,Late,2024-09-06,40
2025,3,Mid,2024-09-06,64
2025,4,Early,2024-09-06,26
2025,4,Late,2024-09-06,14
2025,4,Mid,2024-09-06,18
2024,1,Early,2024-09-13,6590
2024,1,Late,2024-09-13,1488
2024,1,Mid,2024-09-13,3117
2024,2,Early,2024-09-13,743
2024,2,Late,2024-09-13,212
2024,2,Mid,2024-09-13,388
2024,3,Early,2024-09-13,121
2024,3,Late,2024-09-13,45
2024,3,Mid,2024-09-13,72
2024,4,Early,2024-09-13,30
2024,4,Late,2024-09-13,16
2024,4,Mid,2024-09-13,20
2024,5,Early,2024-09-13,12
2024,5,Late,2024-09-13,7
2024,5,Mid,2024-09-13,9
2025,1,Early,2024-09-13,5504
2025,1,Late,2024-09-13,1240
2025,1,Mid,2024-09-13,2590
2025,2,Early,2024-09-13,621
2025,2,Late,2024-09-13,178
2025,2,Mid,2024-09-13,325
2025,3,Early,2024-09-13,101
2025,3,Late,2024-09-13,38
2025,3,Mid,2024-09-13,60
2025,4,Early,2024-09-13,25
2025,4,Late,2024-09-13,13
2025,4,Mid,2024-09-13,17
2024,1,Early,2024-09-20,6740
2024,1,Late,2024-09-20,1495
2024,1,Mid,2024-09-20,3164
2024,2,Early,2024-09-20,740
2024,2,Late,2024-09-20,207
2024,2,Mid,2024-09-20,382
2024,3,Early,2024-09-20,117
2024,3,Late,2024-09-20,42
2024,3,Mid,2024-09-20,68
2024,4,Early,2024-09-20,28
2024,4,Late,2024-09-20,14
2024,4,Mid,2024-09-20,19
2024,5,Early,2024-09-20,11
2024,5,Late,2024-09-20,7
2024,5,Mid,2024-09-20,8
2025,1,Early,2024-09-20,5630
2025,1,Late,2024-09-20,1245
2025,1,Mid,2024-09-20,2628
2025,2,Early,2024-09-20,618
2025,2,Late,2024-09-20,174
2025,2,Mid,2024-09-20,320
2025,3,Early,2024-09-20,98
2025,3,Late,2024-09-20,36
2025,3,Mid,2024-09-20,58
2025,4,Early,2024-09-20,23
2025,4,Late,2024-09-20,12
2025,4,Mid,2024-09-20,16
2024,1,Early,2024-09-27,6365
2024,1,Late,2024-09-27,1494
2024,1,Mid,2024-09-27,3060
2024,2,Early,2024-09-27,762
2024,2,Late,2024-09-27,225
2024,2,Mid,2024-09-27,406
2024,3,Early,2024-09-27,130
2024,3,Late,2024-09-27,50
2024,3,Mid,2024-09-27,78
2024,4,Early,2024-09-27,33
2024,4,Late,2024-09-27,17
2024,4,Mid,2024-09-27,23
2024,5,Early,2024-09-27,13
2024,5,Late,2024-09-27,8
2024,5,Mid,2024-09-27,10
2025,1,Early,2024-09-27,5315
2025,1,Late,2024-09-27,1247
2025,1,Mid,2024-09-27,2547
2025,2,Early,2024-09-27,637
2025,2,Late,2024-09-27,189
2025,2,Mid,2024-09-27,340
2025,3,Early,2024-09-27,109
2025,3,Late,2024-09-27,42
2025,3,Mid,2024-09-27,66
2025,4,Early,2024-09-27,28
2025,4,Late,2024-09-27,14
2025,4,Mid,2024-09-27,20
2024,1,Early,2024-10-04,6394
2024,1,Late,2024-10-04,1472
2024,1,Mid,2024-10-04,3044
2024,2,Early,2024-10-04,744
2024,2,Late,2024-10-04,216
2024,2,Mid,2024-10-04,393
2024,3,Early,2024-10-04,125
2024,3,Late,2024-10-04,47
2024,3,Mid,2024-10-04,75
2024,4,Early,2024-10-04,32
2024,4,Late,2024-10-04,16
2024,4,Mid,2024-10-04,22
2024,5,Early,2024-10-04,12
2024,5,Late,2024-10-04,8
2024,5,Mid,2024-10-04,10
2025,1,Early,2024-10-04,5337
2025,1,Late,2024-10-04,1227
2025,1,Mid,2024-10-04,2532
2025,2,Early,2024-10-04,622
2025,2,Late,2024-10-04,182
2025,2,Mid,2024-10-04,329
2025,3,Early,2024-10-04,105
2025,3,Late,2024-10-04,40
2025,3,Mid,2024-10-04,63
2025,4,Early,2024-10-04,26
2025,4,Late,2024-10-04,14
2025,4,Mid,2024-10-04,18
2024,1,Early,2024-10-11,6516
2024,1,Late,2024-10-11,1486
2024,1,Mid,2024-10-11,3093
2024,2,Early,2024-10-11,746
2024,2,Late,2024-10-11,214
2024,2,Mid,2024-10-11,392
2024,3,Early,2024-10-11,122
2024,3,Late,2024-10-11,45
2024,3,Mid,2024-10-11,72
2024,4,Early,2024-10-11,30
2024,4,Late,2024-10-11,16
2024,4,Mid,2024-10-11,21
2024,5,Early,2024-10-11,12
2024,5,Late,2024-10-11,8
2024,5,Mid,2024-10-11,10
2025,1,Early,2024-10-11,5442
2025,1,Late,2024-10-11,1238
2025,1,Mid,2024-10-11,2572
2025,2,Early,2024-10-11,624
2025,2,Late,2024-10-11,180
2025,2,Mid,2024-10-11,328
2025,3,Early,2024-10-11,103
2025,3,Late,2024-10-11,38
2025,3,Mid,2024-10-11,61
2025,4,Early,2024-10-11,25
2025,4,Late,2024-10-11,13
2025,4,Mid,2024-10-11,18
2024,1,Early,2024-10-18,6285
2024,1,Late,2024-10-18,1479
2024,1,Mid,2024-10-18,3022
2024,2,Early,2024-10-18,757
2024,2,Late,2024-10-18,225
2024,2,Mid,2024-10-18,404
2024,3,Early,2024-10-18,131
2024,3,Late,2024-10-18,50
2024,3,Mid,2024-10-18,79
2024,4,Early,2024-10-18,33
2024,4,Late,2024-10-18,18
2024,4,Mid,2024-10-18,23
2024,5,Early,2024-10-18,14
2024,5,Late,2024-10-18,8
2024,5,Mid,2024-10-18,10
2025,1,Early,2024-10-18,5248
2025,1,Late,2024-10-18,1234
2025,1,Mid,2024-10-18,2515
2025,2,Early,2024-10-18,633
2025,2,Late,2024-10-18,189
2025,2,Mid,2024-10-18,338
2025,3,Early,2024-10-18,110
2025,3,Late,2024-10-18,42
2025,3,Mid,2024-10-18,67
2025,4,Early,2024-10-18,28
2025,4,Late,2024-10-18,15
2025,4,Mid,2024-10-18,20
2024,1,Early,2024-10-25,6554
2024,1,Late,2024-10-25,1484
2024,1,Mid,2024-10-25,3101
2024,2,Early,2024-10-25,744
2024,2,Late,2024-10-25,213
2024,2,Mid,2024-10-25,389
2024,3,Early,2024-10-25,122
2024,3,Late,2024-10-25,45
2024,3,Mid,2024-10-25,72
2024,4,Early,2024-10-25,30
2024,4,Late,2024-10-25,16
2024,4,Mid,2024-10-25,20
2024,5,Early,2024-10-25,12
2024,5,Late,2024-10-25,8
2024,5,Mid,2024-10-25,10
2025,1,Early,2024-10-25,5473
2025,1,Late,2024-10-25,1237
2025,1,Mid,2024-10-25,2578
2025,2,Early,2024-10-25,621
2025,2,Late,2024-10-25,179
2025,2,Mid,2024-10-25,326
2025,3,Early,2024-10-25,102
2025,3,Late,2024-10-25,38
2025,3,Mid,2024-10-25,61
2025,4,Early,2024-10-25,25
2025,4,Late,2024-10-25,13
2025,4,Mid,2024-10-25,18
2024,1,Early,2024-11-01,6657
2024,1,Late,2024-11-01,1455
2024,1,Mid,2024-11-01,3101
2024,2,Early,2024-11-01,717
2024,2,Late,2024-11-01,201
2024,2,Mid,2024-11-01,370
2024,3,Early,2024-11-01,114
2024,3,Late,2024-11-01,42
2024,3,Mid,2024-11-01,67
2024,4,Early,2024-11-01,28
2024,4,Late,2024-11-01,14
2024,4,Mid,2024-11-01,20
2024,5,Early,2024-11-01,11
2024,5,Late,2024-11-01,7
2024,5,Mid,2024-11-01,8
2025,1,Early,2024-11-01,5886
2025,1,Late,2024-11-01,1283
2025,1,Mid,2024-11-01,2726
2025,2,Early,2024-11-01,634
2025,2,Late,2024-11-01,178
2025,2,Mid,2024-11-01,328
2025,3,Early,2024-11-01,101
2025,3,Late,2024-11-01,37
2025,3,Mid,2024-11-01,60
2025,4,Early,2024-11-01,25
2025,4,Late,2024-11-01,13
2025,4,Mid,2024-11-01,17
2024,1,Early,2024-11-08,6688
2024,1,Late,2024-11-08,1465
2024,1,Mid,2024-11-08,3120
2024,2,Early,2024-11-08,722
2024,2,Late,2024-11-08,202
2024,2,Mid,2024-11-08,373
2024,3,Early,2024-11-08,115
2024,3,Late,2024-11-08,42
2024,3,Mid,2024-11-08,68
2024,4,Early,2024-11-08,28
2024,4,Late,2024-11-08,14
2024,4,Mid,2024-11-08,20
2024,5,Early,2024-11-08,11
2024,5,Late,2024-11-08,7
2024,5,Mid,2024-11-08,9
2025,1,Early,2024-11-08,5915
2025,1,Late,2024-11-08,1291
2025,1,Mid,2024-11-08,2742
2025,2,Early,2024-11-08,638
2025,2,Late,2024-11-08,179
2025,2,Mid,2024-11-08,331
2025,3,Early,2024-11-08,102
2025,3,Late,2024-11-08,38
2025,3,Mid,2024-11-08,60
2025,4,Early,2024-11-08,25
2025,4,Late,2024-11-08,13
2025,4,Mid,2024-11-08,18
2024,1,Early,2024-11-15,6498
2024,1,Late,2024-11-15,1509
2024,1,Mid,2024-11-15,3116
2024,2,Early,2024-11-15,762
2024,2,Late,2024-11-15,221
2024,2,Mid,2024-11-15,402
2024,3,Early,2024-11-15,126
2024,3,Late,2024-11-15,47
2024,3,Mid,2024-11-15,75
2024,4,Early,2024-11-15,30
2024,4,Late,2024-11-15,16
2024,4,Mid,2024-11-15,21
2024,5,Early,2024-11-15,12
2024,5,Late,2024-11-15,7
2024,5,Mid,2024-11-15,9
2025,1,Early,2024-11-15,5749
2025,1,Late,2024-11-15,1332
2025,1,Mid,2024-11-15,2744
2025,2,Early,2024-11-15,675
2025,2,Late,2024-11-15,196
2025,2,Mid,2024-11-15,356
2025,3,Early,2024-11-15,112
2025,3,Late,2024-11-15,42
2025,3,Mid,2024-11-15,67
2025,4,Early,2024-11-15,27
2025,4,Late,2024-11-15,14
2025,4,Mid,2024-11-15,19
2024,1,Early,2024-11-22,6447
2024,1,Late,2024-11-22,1477
2024,1,Mid,2024-11-22,3066
2024,2,Early,2024-11-22,745
2024,2,Late,2024-11-22,216
2024,2,Mid,2024-11-22,393
2024,3,Early,2024-11-22,124
2024,3,Late,2024-11-22,47
2024,3,Mid,2024-11-22,75
2024,4,Early,2024-11-22,32
2024,4,Late,2024-11-22,16
2024,4,Mid,2024-11-22,22
2024,5,Early,2024-11-22,12
2024,5,Late,2024-11-22,8
2024,5,Mid,2024-11-22,10
2025,1,Early,2024-11-22,5701
2025,1,Late,2024-11-22,1304
2025,1,Mid,2024-11-22,2700
2025,2,Early,2024-11-22,659
2025,2,Late,2024-11-22,192
2025,2,Mid,2024-11-22,348
2025,3,Early,2024-11-22,111
2025,3,Late,2024-11-22,42
2025,3,Mid,2024-11-22,67
2025,4,Early,2024-11-22,28
2025,4,Late,2024-11-22,15
2025,4,Mid,2024-11-22,20
2024,1,Early,2024-11-29,6261
2024,1,Late,2024-11-29,1500
2024,1,Mid,2024-11-29,3035
2024,2,Early,2024-11-29,774
2024,2,Late,2024-11-29,235
2024,2,Mid,2024-11-29,418
2024,3,Early,2024-11-29,138
2024,3,Late,2024-11-29,54
2024,3,Mid,2024-11-29,84
2024,4,Early,2024-11-29,36
2024,4,Late,2024-11-29,19
2024,4,Mid,2024-11-29,25
2024,5,Early,2024-11-29,14
2024,5,Late,2024-11-29,9
2024,5,Mid,2024-11-29,12
2025,1,Early,2024-11-29,5535
2025,1,Late,2024-11-29,1326
2025,1,Mid,2024-11-29,2676
2025,2,Early,2024-11-29,686
2025,2,Late,2024-11-29,209
2025,2,Mid,2024-11-29,371
2025,3,Early,2024-11-29,123
2025,3,Late,2024-11-29,48
2025,3,Mid,2024-11-29,75
2025,4,Early,2024-11-29,32
2025,4,Late,2024-11-29,17
2025,4,Mid,2024-11-29,23
2024,1,Early,2024-12-06,6602
2024,1,Late,2024-12-06,1508
2024,1,Mid,2024-12-06,3144
2024,2,Early,2024-12-06,756
2024,2,Late,2024-12-06,217
2024,2,Mid,2024-12-06,396
2024,3,Early,2024-12-06,124
2024,3,Late,2024-12-06,46
2024,3,Mid,2024-12-06,74
2024,4,Early,2024-12-06,30
2024,4,Late,2024-12-06,16
2024,4,Mid,2024-12-06,22
2024,5,Early,2024-12-06,12
2024,5,Late,2024-12-06,8
2024,5,Mid,2024-12-06,10
2025,1,Early,2024-12-06,6166
2025,1,Late,2024-12-06,1404
2025,1,Mid,2024-12-06,2921
2025,2,Early,2024-12-06,706
2025,2,Late,2024-12-06,203
2025,2,Mid,2024-12-06,371
2025,3,Early,2024-12-06,116
2025,3,Late,2024-12-06,44
2025,3,Mid,2024-12-06,69
2025,4,Early,2024-12-06,29
2025,4,Late,2024-12-06,15
2025,4,Mid,2024-12-06,20
2024,1,Early,2024-12-13,6489
2024,1,Late,2024-12-13,1541
2024,1,Mid,2024-12-13,3142
2024,2,Early,2024-12-13,788
2024,2,Late,2024-12-13,234
2024,2,Mid,2024-12-13,420
2024,3,Early,2024-12-13,135
2024,3,Late,2024-12-13,52
2024,3,Mid,2024-12-13,82
2024,4,Early,2024-12-13,35
2024,4,Late,2024-12-13,18
2024,4,Mid,2024-12-13,24
2024,5,Early,2024-12-13,14
2024,5,Late,2024-12-13,8
2024,5,Mid,2024-12-13,11
2025,1,Early,2024-12-13,6060
2025,1,Late,2024-12-13,1437
2025,1,Mid,2024-12-13,2924
2025,2,Early,2024-12-13,737
2025,2,Late,2024-12-13,219
2025,2,Mid,2024-12-13,393
2025,3,Early,2024-12-13,127
2025,3,Late,2024-12-13,49
2025,3,Mid,2024-12-13,77
2025,4,Early,2024-12-13,33
2025,4,Late,2024-12-13,17
2025,4,Mid,2024-12-13,23
2024,1,Early,2024-12-20,6714
2024,1,Late,2024-12-20,1506
2024,1,Mid,2024-12-20,3172
2024,2,Early,2024-12-20,749
2024,2,Late,2024-12-20,212
2024,2,Mid,2024-12-20,389
2024,3,Early,2024-12-20,120
2024,3,Late,2024-12-20,44
2024,3,Mid,2024-12-20,71
2024,4,Early,2024-12-20,29
2024,4,Late,2024-12-20,14
2024,4,Mid,2024-12-20,20
2024,5,Early,2024-12-20,11
2024,5,Late,2024-12-20,7
2024,5,Mid,2024-12-20,9
2025,1,Early,2024-12-20,6270
2025,1,Late,2024-12-20,1403
2025,1,Mid,2024-12-20,2945
2025,2,Early,2024-12-20,699
2025,2,Late,2024-12-20,198
2025,2,Mid,2024-12-20,364
2025,3,Early,2024-12-20,112
2025,3,Late,2024-12-20,41
2025,3,Mid,2024-12-20,66
2025,4,Early,2024-12-20,27
2025,4,Late,2024-12-20,14
2025,4,Mid,2024-12-20,19
2024,1,Early,2024-12-27,6743
2024,1,Late,2024-12-27,1520
2024,1,Mid,2024-12-27,3192
2024,2,Early,2024-12-27,758
2024,2,Late,2024-12-27,215
2024,2,Mid,2024-12-27,395
2024,3,Early,2024-12-27,122
2024,3,Late,2024-12-27,45
2024,3,Mid,2024-12-27,72
2024,4,Early,2024-12-27,30
2024,4,Late,2024-12-27,16
2024,4,Mid,2024-12-27,20
2024,5,Early,2024-12-27,12
2024,5,Late,2024-12-27,7
2024,5,Mid,2024-12-27,9
2025,1,Early,2024-12-27,6298
2025,1,Late,2024-12-27,1416
2025,1,Mid,2024-12-27,2965
2025,2,Early,2024-12-27,708
2025,2,Late,2024-12-27,202
2025,2,Mid,2024-12-27,370
2025,3,Early,2024-12-27,115
2025,3,Late,2024-12-27,42
2025,3,Mid,2024-12-27,68
2025,4,Early,2024-12-27,28
2025,4,Late,2024-12-27,14
2025,4,Mid,2024-12-27,19
2025,1,Early,2025-01-03,6858
2025,1,Late,2025-01-03,1518
2025,1,Mid,2025-01-03,3224
2025,2,Early,2025-01-03,750
2025,2,Late,2025-01-03,210
2025,2,Mid,2025-01-03,388
2025,3,Early,2025-01-03,118
2025,3,Late,2025-01-03,44
2025,3,Mid,2025-01-03,70
2025,4,Early,2025-01-03,28
2025,4,Late,2025-01-03,14
2025,4,Mid,2025-01-03,20
2025,5,Early,2025-01-03,11
2025,5,Late,2025-01-03,7
2025,5,Mid,2025-01-03,8
2026,1,Early,2025-01-03,5396
2026,1,Late,2025-01-03,1190
2026,1,Mid,2025-01-03,2520
2026,2,Early,2025-01-03,589
2026,2,Late,2025-01-03,165
2026,2,Mid,2025-01-03,305
2026,3,Early,2025-01-03,94
2026,3,Late,2025-01-03,34
2026,3,Mid,2025-01-03,55
2026,4,Early,2025-01-03,23
2026,4,Late,2025-01-03,11
2026,4,Mid,2025-01-03,16
2025,1,Early,2025-01-10,6770
2025,1,Late,2025-01-10,1536
2025,1,Mid,2025-01-10,3219
2025,2,Early,2025-01-10,768
2025,2,Late,2025-01-10,219
2025,2,Mid,2025-01-10,401
2025,3,Early,2025-01-10,124
2025,3,Late,2025-01-10,46
2025,3,Mid,2025-01-10,74
2025,4,Early,2025-01-10,30
2025,4,Late,2025-01-10,16
2025,4,Mid,2025-01-10,21
2025,5,Early,2025-01-10,12
2025,5,Late,2025-01-10,8
2025,5,Mid,2025-01-10,10
2026,1,Early,2025-01-10,5327
2026,1,Late,2025-01-10,1205
2026,1,Mid,2025-01-10,2518
2026,2,Early,2025-01-10,603
2026,2,Late,2025-01-10,173
2026,2,Mid,2025-01-10,316
2026,3,Early,2025-01-10,98
2026,3,Late,2025-01-10,37
2026,3,Mid,2025-01-10,58
2026,4,Early,2025-01-10,24
2026,4,Late,2025-01-10,12
2026,4,Mid,2025-01-10,17
2025,1,Early,2025-01-17,6644
2025,1,Late,2025-01-17,1540
2025,1,Mid,2025-01-17,3187
2025,2,Early,2025-01-17,778
2025,2,Late,2025-01-17,226
2025,2,Mid,2025-01-17,410
2025,3,Early,2025-01-17,130
2025,3,Late,2025-01-17,48
2025,3,Mid,2025-01-17,77
2025,4,Early,2025-01-17,32
2025,4,Late,2025-01-17,16
2025,4,Mid,2025-01-17,22
2025,5,Early,2025-01-17,12
2025,5,Late,2025-01-17,8
2025,5,Mid,2025-01-17,10
2026,1,Early,2025-01-17,5227
2026,1,Late,2025-01-17,1208
2026,1,Mid,2025-01-17,2495
2026,2,Early,2025-01-17,612
2026,2,Late,2025-01-17,178
2026,2,Mid,2025-01-17,323
2026,3,Early,2025-01-17,102
2026,3,Late,2025-01-17,38
2026,3,Mid,2025-01-17,61
2026,4,Early,2025-01-17,25
2026,4,Late,2025-01-17,13
2026,4,Mid,2025-01-17,18
2025,1,Early,2025-01-24,6709
2025,1,Late,2025-01-24,1522
2025,1,Mid,2025-01-24,3186
2025,2,Early,2025-01-24,762
2025,2,Late,2025-01-24,218
2025,2,Mid,2025-01-24,399
2025,3,Early,2025-01-24,125
2025,3,Late,2025-01-24,46
2025,3,Mid,2025-01-24,74
2025,4,Early,2025-01-24,30
2025,4,Late,2025-01-24,16
2025,4,Mid,2025-01-24,21
2025,5,Early,2025-01-24,12
2025,5,Late,2025-01-24,8
2025,5,Mid,2025-01-24,10
2026,1,Early,2025-01-24,5277
2026,1,Late,2025-01-24,1194
2026,1,Mid,2025-01-24,2492
2026,2,Early,2025-01-24,599
2026,2,Late,2025-01-24,172
2026,2,Mid,2025-01-24,314
2026,3,Early,2025-01-24,99
2026,3,Late,2025-01-24,37
2026,3,Mid,2025-01-24,59
2026,4,Early,2025-01-24,24
2026,4,Late,2025-01-24,12
2026,4,Mid,2025-01-24,17
2025,1,Early,2025-01-31,6513
2025,1,Late,2025-01-31,1448
2025,1,Mid,2025-01-31,3054
2025,2,Early,2025-01-31,720
2025,2,Late,2025-01-31,205
2025,2,Mid,2025-01-31,376
2025,3,Early,2025-01-31,117
2025,3,Late,2025-01-31,44
2025,3,Mid,2025-01-31,70
2025,4,Early,2025-01-31,30
2025,4,Late,2025-01-31,16
2025,4,Mid,2025-01-31,21
2025,5,Early,2025-01-31,12
2025,5,Late,2025-01-31,8
2025,5,Mid,2025-01-31,10
2026,1,Early,2025-01-31,5118
2026,1,Late,2025-01-31,1135
2026,1,Mid,2025-01-31,2388
2026,2,Early,2025-01-31,566
2026,2,Late,2025-01-31,162
2026,2,Mid,2025-01-31,296
2026,3,Early,2025-01-31,93
2026,3,Late,2025-01-31,35
2026,3,Mid,2025-01-31,55
2026,4,Early,2025-01-31,23
2026,4,Late,2025-01-31,13
2026,4,Mid,2025-01-31,17
2025,1,Early,2025-02-07,4360
2025,1,Late,2025-02-07,2856
2025,1,Mid,2025-02-07,3513
2025,2,Early,2025-02-07,2342
2025,2,Late,2025-02-07,1612
2025,2,Mid,2025-02-07,1934
2025,3,Early,2025-02-07,1367
2025,3,Late,2025-02-07,1017
2025,3,Mid,2025-02-07,1176
2025,4,Early,2025-02-07,878
2025,4,Late,2025-02-07,679
2025,4,Mid,2025-02-07,769
2025,5,Early,2025-02-07,604
2025,5,Late,2025-02-07,483
2025,5,Mid,2025-02-07,539
2026,1,Early,2025-02-07,3481
2026,1,Late,2025-02-07,2281
2026,1,Mid,2025-02-07,2806
2026,2,Early,2025-02-07,1871
2026,2,Late,2025-02-07,1288
2026,2,Mid,2025-02-07,1545
2026,3,Early,2025-02-07,1093
2026,3,Late,2025-02-07,813
2026,3,Mid,2025-02-07,941
2026,4,Early,2025-02-07,702
2026,4,Late,2025-02-07,543
2026,4,Mid,2025-02-07,615
2025,1,Early,2025-02-14,4259
2025,1,Late,2025-02-14,2778
2025,1,Mid,2025-02-14,3422
2025,2,Early,2025-02-14,2280
2025,2,Late,2025-02-14,1581
2025,2,Mid,2025-02-14,1892
2025,3,Early,2025-02-14,1349
2025,3,Late,2025-02-14,1015
2025,3,Mid,2025-02-14,1169
2025,4,Early,2025-02-14,876
2025,4,Late,2025-02-14,673
2025,4,Mid,2025-02-14,764
2025,5,Early,2025-02-14,598
2025,5,Late,2025-02-14,476
2025,5,Mid,2025-02-14,533
2026,1,Early,2025-02-14,3400
2026,1,Late,2025-02-14,2219
2026,1,Mid,2025-02-14,2732
2026,2,Early,2025-02-14,1822
2026,2,Late,2025-02-14,1264
2026,2,Mid,2025-02-14,1511
2026,3,Early,2025-02-14,1079
2026,3,Late,2025-02-14,812
2026,3,Mid,2025-02-14,934
2026,4,Early,2025-02-14,700
2026,4,Late,2025-02-14,538
2026,4,Mid,2025-02-14,611
2025,1,Early,2025-02-21,4146
2025,1,Late,2025-02-21,2718
2025,1,Mid,2025-02-21,3339
2025,2,Early,2025-02-21,2235
2025,2,Late,2025-02-21,1557
2025,2,Mid,2025-02-21,1858
2025,3,Early,2025-02-21,1322
2025,3,Late,2025-02-21,1005
2025,3,Mid,2025-02-21,1152
2025,4,Early,2025-02-21,873
2025,4,Late,2025-02-21,673
2025,4,Mid,2025-02-21,764
2025,5,Early,2025-02-21,597
2025,5,Late,2025-02-21,474
2025,5,Mid,2025-02-21,531
2026,1,Early,2025-02-21,3310
2026,1,Late,2025-02-21,2171
2026,1,Mid,2025-02-21,2667
2026,2,Early,2025-02-21,1786
2026,2,Late,2025-02-21,1244
2026,2,Mid,2025-02-21,1484
2026,3,Early,2025-02-21,1057
2026,3,Late,2025-02-21,804
2026,3,Mid,2025-02-21,921
2026,4,Early,2025-02-21,698
2026,4,Late,2025-02-21,538
2026,4,Mid,2025-02-21,611
2025,1,Early,2025-02-28,4150
2025,1,Late,2025-02-28,2727
2025,1,Mid,2025-02-28,3347
2025,2,Early,2025-02-28,2245
2025,2,Late,2025-02-28,1564
2025,2,Mid,2025-02-28,1867
2025,3,Early,2025-02-28,1327
2025,3,Late,2025-02-28,1004
2025,3,Mid,2025-02-28,1153
2025,4,Early,2025-02-28,870
2025,4,Late,2025-02-28,671
2025,4,Mid,2025-02-28,761
2025,5,Early,2025-02-28,597
2025,5,Late,2025-02-28,476
2025,5,Mid,2025-02-28,532
2026,1,Early,2025-02-28,3314
2026,1,Late,2025-02-28,2178
2026,1,Mid,2025-02-28,2673
2026,2,Early,2025-02-28,1793
2026,2,Late,2025-02-28,1250
2026,2,Mid,2025-02-28,1492
2026,3,Early,2025-02-28,1061
2026,3,Late,2025-02-28,802
2026,3,Mid,2025-02-28,922
2026,4,Early,2025-02-28,695
2026,4,Late,2025-02-28,537
2026,4,Mid,2025-02-28,608
2025,1,Early,2025-03-07,6928
2025,1,Late,2025-03-07,1584
2025,1,Mid,2025-03-07,3309
2025,2,Early,2025-03-07,794
2025,2,Late,2025-03-07,228
2025,2,Mid,2025-03-07,416
2025,3,Early,2025-03-07,130
2025,3,Late,2025-03-07,49
2025,3,Mid,2025-03-07,78
2025,4,Early,2025-03-07,33
2025,4,Late,2025-03-07,18
2025,4,Mid,2025-03-07,24
2025,5,Early,2025-03-07,14
2025,5,Late,2025-03-07,8
2025,5,Mid,2025-03-07,11
2026,1,Early,2025-03-07,5454
2026,1,Late,2025-03-07,1242
2026,1,Mid,2025-03-07,2589
2026,2,Early,2025-03-07,624
2026,2,Late,2025-03-07,180
2026,2,Mid,2025-03-07,328
2026,3,Early,2025-03-07,103
2026,3,Late,2025-03-07,39
2026,3,Mid,2025-03-07,62
2026,4,Early,2025-03-07,26
2026,4,Late,2025-03-07,14
2026,4,Mid,2025-03-07,19
2025,1,Early,2025-03-14,6865
2025,1,Late,2025-03-14,1563
2025,1,Mid,2025-03-14,3270
2025,2,Early,2025-03-14,783
2025,2,Late,2025-03-14,225
2025,2,Mid,2025-03-14,410
2025,3,Early,2025-03-14,128
2025,3,Late,2025-03-14,49
2025,3,Mid,2025-03-14,77
2025,4,Early,2025-03-14,33
2025,4,Late,2025-03-14,18
2025,4,Mid,2025-03-14,23
2025,5,Early,2025-03-14,14
2025,5,Late,2025-03-14,8
2025,5,Mid,2025-03-14,11
2026,1,Early,2025-03-14,5403
2026,1,Late,2025-03-14,1226
2026,1,Mid,2025-03-14,2558
2026,2,Early,2025-03-14,615
2026,2,Late,2025-03-14,177
2026,2,Mid,2025-03-14,323
2026,3,Early,2025-03-14,102
2026,3,Late,2025-03-14,39
2026,3,Mid,2025-03-14,61
2026,4,Early,2025-03-14,26
2026,4,Late,2025-03-14,14
2026,4,Mid,2025-03-14,19
2025,1,Early,2025-03-21,6868
2025,1,Late,2025-03-21,1560
2025,1,Mid,2025-03-21,3268
2025,2,Early,2025-03-21,781
2025,2,Late,2025-03-21,224
2025,2,Mid,2025-03-21,409
2025,3,Early,2025-03-21,128
2025,3,Late,2025-03-21,48
2025,3,Mid,2025-03-21,76
2025,4,Early,2025-03-21,33
2025,4,Late,2025-03-21,18
2025,4,Mid,2025-03-21,23
2025,5,Early,2025-03-21,14
2025,5,Late,2025-03-21,8
2025,5,Mid,2025-03-21,11
2026,1,Early,2025-03-21,5405
2026,1,Late,2025-03-21,1224
2026,1,Mid,2025-03-21,2556
2026,2,Early,2025-03-21,614
2026,2,Late,2025-03-21,177
2026,2,Mid,2025-03-21,322
2026,3,Early,2025-03-21,101
2026,3,Late,2025-03-21,38
2026,3,Mid,2025-03-21,61
2026,4,Early,2025-03-21,26
2026,4,Late,2025-03-21,14
2026,4,Mid,2025-03-21,19
2025,1,Early,2025-03-28,7068
2025,1,Late,2025-03-28,1551
2025,1,Mid,2025-03-28,3310
2025,2,Early,2025-03-28,764
2025,2,Late,2025-03-28,214
2025,2,Mid,2025-03-28,395
2025,3,Early,2025-03-28,122
2025,3,Late,2025-03-28,46
2025,3,Mid,2025-03-28,72
2025,4,Early,2025-03-28,31
2025,4,Late,2025-03-28,16
2025,4,Mid,2025-03-28,22
2025,5,Early,2025-03-28,13
2025,5,Late,2025-03-28,8
2025,5,Mid,2025-03-28,10
2026,1,Early,2025-03-28,5561
2026,1,Late,2025-03-28,1215
2026,1,Mid,2025-03-28,2586
2026,2,Early,2025-03-28,600
2026,2,Late,2025-03-28,169
2026,2,Mid,2025-03-28,311
2026,3,Early,2025-03-28,96
2026,3,Late,2025-03-28,36
2026,3,Mid,2025-03-28,57
2026,4,Early,2025-03-28,25
2026,4,Late,2025-03-28,13
2026,4,Mid,2025-03-28,18
2025,1,Early,2025-04-04,7062
2025,1,Late,2025-04-04,1532
2025,1,Mid,2025-04-04,3290
2025,2,Early,2025-04-04,750
2025,2,Late,2025-04-04,208
2025,2,Mid,2025-04-04,386
2025,3,Early,2025-04-04,118
2025,3,Late,2025-04-04,44
2025,3,Mid,2025-04-04,70
2025,4,Early,2025-04-04,30
2025,4,Late,2025-04-04,16
2025,4,Mid,2025-04-04,22
2025,5,Early,2025-04-04,12
2025,5,Late,2025-04-04,8
2025,5,Mid,2025-04-04,10
2026,1,Early,2025-04-04,5556
2026,1,Late,2025-04-04,1200
2026,1,Mid,2025-04-04,2570
2026,2,Early,2025-04-04,589
2026,2,Late,2025-04-04,165
2026,2,Mid,2025-04-04,304
2026,3,Early,2025-04-04,93
2026,3,Late,2025-04-04,35
2026,3,Mid,2025-04-04,55
2026,4,Early,2025-04-04,24
2026,4,Late,2025-04-04,13
2026,4,Mid,2025-04-04,17
2025,1,Early,2025-04-11,7002
2025,1,Late,2025-04-11,1526
2025,1,Mid,2025-04-11,3268
2025,2,Early,2025-04-11,749
2025,2,Late,2025-04-11,209
2025,2,Mid,2025-04-11,387
2025,3,Early,2025-04-11,119
2025,3,Late,2025-04-11,44
2025,3,Mid,2025-04-11,70
2025,4,Early,2025-04-11,30
2025,4,Late,2025-04-11,16
2025,4,Mid,2025-04-11,22
2025,5,Early,2025-04-11,12
2025,5,Late,2025-04-11,8
2025,5,Mid,2025-04-11,10
2026,1,Early,2025-04-11,5508
2026,1,Late,2025-04-11,1196
2026,1,Mid,2025-04-11,2552
2026,2,Early,2025-04-11,589
2026,2,Late,2025-04-11,165
2026,2,Mid,2025-04-11,305
2026,3,Early,2025-04-11,94
2026,3,Late,2025-04-11,35
2026,3,Mid,2025-04-11,56
2026,4,Early,2025-04-11,24
2026,4,Late,2025-04-11,13
2026,4,Mid,2025-04-11,17
2025,1,Early,2025-04-18,7002
2025,1,Late,2025-04-18,1526
2025,1,Mid,2025-04-18,3268
2025,2,Early,2025-04-18,749
2025,2,Late,2025-04-18,209
2025,2,Mid,2025-04-18,387
2025,3,Early,2025-04-18,119
2025,3,Late,2025-04-18,44
2025,3,Mid,2025-04-18,70
2025,4,Early,2025-04-18,30
2025,4,Late,2025-04-18,16
2025,4,Mid,2025-04-18,22
2025,5,Early,2025-04-18,12
2025,5,Late,2025-04-18,8
2025,5,Mid,2025-04-18,10
2026,1,Early,2025-04-18,5508
2026,1,Late,2025-04-18,1196
2026,1,Mid,2025-04-18,2552
2026,2,Early,2025-04-18,589
2026,2,Late,2025-04-18,165
2026,2,Mid,2025-04-18,305
2026,3,Early,2025-04-18,94
2026,3,Late,2025-04-18,35
2026,3,Mid,2025-04-18,56
2026,4,Early,2025-04-18,24
2026,4,Late,2025-04-18,13
2026,4,Mid,2025-04-18,17
2025,1,Early,2025-04-25,7030
2025,1,Late,2025-04-25,1538
2025,1,Mid,2025-04-25,3290
2025,2,Early,2025-04-25,756
2025,2,Late,2025-04-25,211
2025,2,Mid,2025-04-25,390
2025,3,Early,2025-04-25,119
2025,3,Late,2025-04-25,44
2025,3,Mid,2025-04-25,70
2025,4,Early,2025-04-25,30
2025,4,Late,2025-04-25,16
2025,4,Mid,2025-04-25,21
2025,5,Early,2025-04-25,12
2025,5,Late,2025-04-25,8
2025,5,Mid,2025-04-25,10
2026,1,Early,2025-04-25,5532
2026,1,Late,2025-04-25,1205
2026,1,Mid,2025-04-25,2570
2026,2,Early,2025-04-25,593
2026,2,Late,2025-04-25,166
2026,2,Mid,2025-04-25,307
2026,3,Early,2025-04-25,94
2026,3,Late,2025-04-25,35
2026,3,Mid,2025-04-25,56
2026,4,Early,2025-04-25,24
2026,4,Late,2025-04-25,13
2026,4,Mid,2025-04-25,17
2025,1,Early,2025-05-02,6989
2025,1,Late,2025-05-02,1433
2025,1,Mid,2025-05-02,3248
2025,2,Early,2025-05-02,670
2025,2,Late,2025-05-02,173
2025,2,Mid,2025-05-02,331
2025,3,Early,2025-05-02,95
2025,3,Late,2025-05-02,34
2025,3,Mid,2025-05-02,55
2025,4,Early,2025-05-02,23
2025,4,Late,2025-05-02,12
2025,4,Mid,2025-05-02,16
2025,5,Early,2025-05-02,10
2025,5,Late,2025-05-02,6
2025,5,Mid,2025-05-02,8
2026,1,Early,2025-05-02,5523
2026,1,Late,2025-05-02,1119
2026,1,Mid,2025-05-02,2528
2026,2,Early,2025-05-02,525
2026,2,Late,2025-05-02,136
2026,2,Mid,2025-05-02,260
2026,3,Early,2025-05-02,75
2026,3,Late,2025-05-02,27
2026,3,Mid,2025-05-02,44
2026,4,Early,2025-05-02,18
2026,4,Late,2025-05-02,10
2026,4,Mid,2025-05-02,13
2025,1,Early,2025-05-09,6907
2025,1,Late,2025-05-09,1443
2025,1,Mid,2025-05-09,3230
2025,2,Early,2025-05-09,682
2025,2,Late,2025-05-09,179
2025,2,Mid,2025-05-09,340
2025,3,Early,2025-05-09,99
2025,3,Late,2025-05-09,36
2025,3,Mid,2025-05-09,58
2025,4,Early,2025-05-09,24
2025,4,Late,2025-05-09,14
2025,4,Mid,2025-05-09,18
2025,5,Early,2025-05-09,10
2025,5,Late,2025-05-09,6
2025,5,Mid,2025-05-09,8
2026,1,Early,2025-05-09,5457
2026,1,Late,2025-05-09,1127
2026,1,Mid,2025-05-09,2516
2026,2,Early,2025-05-09,534
2026,2,Late,2025-05-09,141
2026,2,Mid,2025-05-09,267
2026,3,Early,2025-05-09,78
2026,3,Late,2025-05-09,29
2026,3,Mid,2025-05-09,46
2026,4,Early,2025-05-09,19
2026,4,Late,2025-05-09,11
2026,4,Mid,2025-05-09,14
2025,1,Early,2025-05-16,6807
2025,1,Late,2025-05-16,1446
2025,1,Mid,2025-05-16,3199
2025,2,Early,2025-05-16,691
2025,2,Late,2025-05-16,185
2025,2,Mid,2025-05-16,348
2025,3,Early,2025-05-16,103
2025,3,Late,2025-05-16,38
2025,3,Mid,2025-05-16,61
2025,4,Early,2025-05-16,25
2025,4,Late,2025-05-16,14
2025,4,Mid,2025-05-16,18
2025,5,Early,2025-05-16,11
2025,5,Late,2025-05-16,7
2025,5,Mid,2025-05-16,8
2026,1,Early,2025-05-16,5375
2026,1,Late,2025-05-16,1131
2026,1,Mid,2025-05-16,2493
2026,2,Early,2025-05-16,542
2026,2,Late,2025-05-16,146
2026,2,Mid,2025-05-16,274
2026,3,Early,2025-05-16,82
2026,3,Late,2025-05-16,30
2026,3,Mid,2025-05-16,48
2026,4,Early,2025-05-16,20
2026,4,Late,2025-05-16,11
2026,4,Mid,2025-05-16,14
2025,1,Early,2025-05-23,6986
2025,1,Late,2025-05-23,1448
2025,1,Mid,2025-05-23,3258
2025,2,Early,2025-05-23,682
2025,2,Late,2025-05-23,179
2025,2,Mid,2025-05-23,340
2025,3,Early,2025-05-23,99
2025,3,Late,2025-05-23,36
2025,3,Mid,2025-05-23,58
2025,4,Early,2025-05-23,24
2025,4,Late,2025-05-23,12
2025,4,Mid,2025-05-23,17
2025,5,Early,2025-05-23,10
2025,5,Late,2025-05-23,6
2025,5,Mid,2025-05-23,8
2026,1,Early,2025-05-23,5520
2026,1,Late,2025-05-23,1132
2026,1,Mid,2025-05-23,2537
2026,2,Early,2025-05-23,535
2026,2,Late,2025-05-23,141
2026,2,Mid,2025-05-23,267
2026,3,Early,2025-05-23,78
2026,3,Late,2025-05-23,29
2026,3,Mid,2025-05-23,46
2026,4,Early,2025-05-23,19
2026,4,Late,2025-05-23,10
2026,4,Mid,2025-05-23,13
2025,1,Early,2025-05-30,6976
2025,1,Late,2025-05-30,1454
2025,1,Mid,2025-05-30,3260
2025,2,Early,2025-05-30,687
2025,2,Late,2025-05-30,181
2025,2,Mid,2025-05-30,344
2025,3,Early,2025-05-30,101
2025,3,Late,2025-05-30,37
2025,3,Mid,2025-05-30,60
2025,4,Early,2025-05-30,24
2025,4,Late,2025-05-30,13
2025,4,Mid,2025-05-30,17
2025,5,Early,2025-05-30,10
2025,5,Late,2025-05-30,6
2025,5,Mid,2025-05-30,8
2026,1,Early,2025-05-30,5512
2026,1,Late,2025-05-30,1136
2026,1,Mid,2025-05-30,2539
2026,2,Early,2025-05-30,539
2026,2,Late,2025-05-30,143
2026,2,Mid,2025-05-30,270
2026,3,Early,2025-05-30,80
2026,3,Late,2025-05-30,29
2026,3,Mid,2025-05-30,47
2026,4,Early,2025-05-30,20
2026,4,Late,2025-05-30,10
2026,4,Mid,2025-05-30,14
2025,1,Early,2025-06-06,7064
2025,1,Late,2025-06-06,1456
2025,1,Mid,2025-06-06,3292
2025,2,Early,2025-06-06,684
2025,2,Late,2025-06-06,180
2025,2,Mid,2025-06-06,341
2025,3,Early,2025-06-06,100
2025,3,Late,2025-06-06,36
2025,3,Mid,2025-06-06,59
2025,4,Early,2025-06-06,24
2025,4,Late,2025-06-06,13
2025,4,Mid,2025-06-06,17
2025,5,Early,2025-06-06,10
2025,5,Late,2025-06-06,6
2025,5,Mid,2025-06-06,8
2026,1,Early,2025-06-06,5584
2026,1,Late,2025-06-06,1138
2026,1,Mid,2025-06-06,2562
2026,2,Early,2025-06-06,536
2026,2,Late,2025-06-06,142
2026,2,Mid,2025-06-06,268
2026,3,Early,2025-06-06,79
2026,3,Late,2025-06-06,29
2026,3,Mid,2025-06-06,47
2026,4,Early,2025-06-06,20
2026,4,Late,2025-06-06,10
2026,4,Mid,2025-06-06,14
2025,1,Early,2025-06-27,6381
2025,1,Late,2025-06-27,1429
2025,1,Mid,2025-06-27,2993
2025,2,Early,2025-06-27,716
2025,2,Late,2025-06-27,208
2025,2,Mid,2025-06-27,377
2025,3,Early,2025-06-27,120
2025,3,Late,2025-06-27,46
2025,3,Mid,2025-06-27,72
2025,4,Early,2025-06-27,32
2025,4,Late,2025-06-27,18
2025,4,Mid,2025-06-27,23
2025,5,Early,2025-06-27,14
2025,5,Late,2025-06-27,8
2025,5,Mid,2025-06-27,11
2026,1,Early,2025-06-27,5010
2026,1,Late,2025-06-27,1121
2026,1,Mid,2025-06-27,2341
2026,2,Early,2025-06-27,564
2026,2,Late,2025-06-27,164
2026,2,Mid,2025-06-27,297
2026,3,Early,2025-06-27,95
2026,3,Late,2025-06-27,37
2026,3,Mid,2025-06-27,57
2026,4,Early,2025-06-27,25
2026,4,Late,2025-06-27,14
2026,4,Mid,2025-06-27,18
2025,1,Early,2025-07-04,6459
2025,1,Late,2025-07-04,1442
2025,1,Mid,2025-07-04,3028
2025,2,Early,2025-07-04,722
2025,2,Late,2025-07-04,208
2025,2,Mid,2025-07-04,378
2025,3,Early,2025-07-04,119
2025,3,Late,2025-07-04,46
2025,3,Mid,2025-07-04,72
2025,4,Early,2025-07-04,31
2025,4,Late,2025-07-04,16
2025,4,Mid,2025-07-04,22
2025,5,Early,2025-07-04,13
2025,5,Late,2025-07-04,8
2025,5,Mid,2025-07-04,10
2026,1,Early,2025-07-04,5072
2026,1,Late,2025-07-04,1131
2026,1,Mid,2025-07-04,2368
2026,2,Early,2025-07-04,567
2026,2,Late,2025-07-04,164
2026,2,Mid,2025-07-04,298
2026,3,Early,2025-07-04,94
2026,3,Late,2025-07-04,36
2026,3,Mid,2025-07-04,57
2026,4,Early,2025-07-04,25
2026,4,Late,2025-07-04,13
2026,4,Mid,2025-07-04,18
2025,1,Early,2025-07-11,6442
2025,1,Late,2025-07-11,1443
2025,1,Mid,2025-07-11,3024
2025,2,Early,2025-07-11,722
2025,2,Late,2025-07-11,208
2025,2,Mid,2025-07-11,378
2025,3,Early,2025-07-11,119
2025,3,Late,2025-07-11,46
2025,3,Mid,2025-07-11,71
2025,4,Early,2025-07-11,31
2025,4,Late,2025-07-11,16
2025,4,Mid,2025-07-11,22
2025,5,Early,2025-07-11,13
2025,5,Late,2025-07-11,8
2025,5,Mid,2025-07-11,10
2026,1,Early,2025-07-11,5058
2026,1,Late,2025-07-11,1131
2026,1,Mid,2025-07-11,2365
2026,2,Early,2025-07-11,568
2026,2,Late,2025-07-11,164
2026,2,Mid,2025-07-11,298
2026,3,Early,2025-07-11,94
2026,3,Late,2025-07-11,36
2026,3,Mid,2025-07-11,57
2026,4,Early,2025-07-11,25
2026,4,Late,2025-07-11,13
2026,4,Mid,2025-07-11,18
2025,1,Early,2025-07-18,6456
2025,1,Late,2025-07-18,1432
2025,1,Mid,2025-07-18,3016
2025,2,Early,2025-07-18,714
2025,2,Late,2025-07-18,205
2025,2,Mid,2025-07-18,374
2025,3,Early,2025-07-18,118
2025,3,Late,2025-07-18,45
2025,3,Mid,2025-07-18,71
2025,4,Early,2025-07-18,31
2025,4,Late,2025-07-18,16
2025,4,Mid,2025-07-18,22
2025,5,Early,2025-07-18,13
2025,5,Late,2025-07-18,8
2025,5,Mid,2025-07-18,10
2026,1,Early,2025-07-18,5069
2026,1,Late,2025-07-18,1123
2026,1,Mid,2025-07-18,2358
2026,2,Early,2025-07-18,561
2026,2,Late,2025-07-18,162
2026,2,Mid,2025-07-18,295
2026,3,Early,2025-07-18,93
2026,3,Late,2025-07-18,36
2026,3,Mid,2025-07-18,56
2026,4,Early,2025-07-18,24
2026,4,Late,2025-07-18,13
2026,4,Mid,2025-07-18,18
2025,1,Early,2025-07-25,6480
2025,1,Late,2025-07-25,1449
2025,1,Mid,2025-07-25,3041
2025,2,Early,2025-07-25,724
2025,2,Late,2025-07-25,208
2025,2,Mid,2025-07-25,379
2025,3,Early,2025-07-25,119
2025,3,Late,2025-07-25,46
2025,3,Mid,2025-07-25,71
2025,4,Early,2025-07-25,31
2025,4,Late,2025-07-25,16
2025,4,Mid,2025-07-25,22
2025,5,Early,2025-07-25,13
2025,5,Late,2025-07-25,8
2025,5,Mid,2025-07-25,10
2026,1,Early,2025-07-25,5089
2026,1,Late,2025-07-25,1136
2026,1,Mid,2025-07-25,2378
2026,2,Early,2025-07-25,569
2026,2,Late,2025-07-25,164
2026,2,Mid,2025-07-25,299
2026,3,Early,2025-07-25,94
2026,3,Late,2025-07-25,36
2026,3,Mid,2025-07-25,56
2026,4,Early,2025-07-25,24
2026,4,Late,2025-07-25,13
2026,4,Mid,2025-07-25,18
2025,1,Early,2025-08-01,6596
2025,1,Late,2025-08-01,1448
2025,1,Mid,2025-08-01,3071
2025,2,Early,2025-08-01,718
2025,2,Late,2025-08-01,204
2025,2,Mid,2025-08-01,374
2025,3,Early,2025-08-01,116
2025,3,Late,2025-08-01,44
2025,3,Mid,2025-08-01,70
2025,4,Early,2025-08-01,30
2025,4,Late,2025-08-01,16
2025,4,Mid,2025-08-01,21
2025,5,Early,2025-08-01,12
2025,5,Late,2025-08-01,8
2025,5,Mid,2025-08-01,10
2026,1,Early,2025-08-01,5180
2026,1,Late,2025-08-01,1135
2026,1,Mid,2025-08-01,2400
2026,2,Early,2025-08-01,564
2026,2,Late,2025-08-01,161
2026,2,Mid,2025-08-01,294
2026,3,Early,2025-08-01,92
2026,3,Late,2025-08-01,35
2026,3,Mid,2025-08-01,55
2026,4,Early,2025-08-01,24
2026,4,Late,2025-08-01,13
2026,4,Mid,2025-08-01,17
2025,1,Early,2025-08-08,6640
2025,1,Late,2025-08-08,1463
2025,1,Mid,2025-08-08,3098
2025,2,Early,2025-08-08,726
2025,2,Late,2025-08-08,206
2025,2,Mid,2025-08-08,378
2025,3,Early,2025-08-08,118
2025,3,Late,2025-08-08,45
2025,3,Mid,2025-08-08,70
2025,4,Early,2025-08-08,30
2025,4,Late,2025-08-08,16
2025,4,Mid,2025-08-08,22
2025,5,Early,2025-08-08,13
2025,5,Late,2025-08-08,8
2025,5,Mid,2025-08-08,10
2026,1,Early,2025-08-08,5216
2026,1,Late,2025-08-08,1147
2026,1,Mid,2025-08-08,2422
2026,2,Early,2025-08-08,571
2026,2,Late,2025-08-08,163
2026,2,Mid,2025-08-08,298
2026,3,Early,2025-08-08,93
2026,3,Late,2025-08-08,36
2026,3,Mid,2025-08-08,56
2026,4,Early,2025-08-08,24
2026,4,Late,2025-08-08,13
2026,4,Mid,2025-08-08,17
2025,1,Early,2025-08-15,6611
2025,1,Late,2025-08-15,1465
2025,1,Mid,2025-08-15,3093
2025,2,Early,2025-08-15,729
2025,2,Late,2025-08-15,208
2025,2,Mid,2025-08-15,380
2025,3,Early,2025-08-15,119
2025,3,Late,2025-08-15,46
2025,3,Mid,2025-08-15,71
2025,4,Early,2025-08-15,31
2025,4,Late,2025-08-15,16
2025,4,Mid,2025-08-15,22
2025,5,Early,2025-08-15,13
2025,5,Late,2025-08-15,8
2025,5,Mid,2025-08-15,10
2026,1,Early,2025-08-15,5194
2026,1,Late,2025-08-15,1149
2026,1,Mid,2025-08-15,2418
2026,2,Early,2025-08-15,573
2026,2,Late,2025-08-15,164
2026,2,Mid,2025-08-15,300
2026,3,Early,2025-08-15,94
2026,3,Late,2025-08-15,36
2026,3,Mid,2025-08-15,57
2026,4,Early,2025-08-15,25
2026,4,Late,2025-08-15,13
2026,4,Mid,2025-08-15,18
2025,1,Early,2025-08-22,6596
2025,1,Late,2025-08-22,1479
2025,1,Mid,2025-08-22,3105
2025,2,Early,2025-08-22,739
2025,2,Late,2025-08-22,212
2025,2,Mid,2025-08-22,386
2025,3,Early,2025-08-22,121
2025,3,Late,2025-08-22,46
2025,3,Mid,2025-08-22,72
2025,4,Early,2025-08-22,31
2025,4,Late,2025-08-22,17
2025,4,Mid,2025-08-22,22
2025,5,Early,2025-08-22,13
2025,5,Late,2025-08-22,8
2025,5,Mid,2025-08-22,10
2026,1,Early,2025-08-22,5183
2026,1,Late,2025-08-22,1160
2026,1,Mid,2025-08-22,2428
2026,2,Early,2025-08-22,581
2026,2,Late,2025-08-22,167
2026,2,Mid,2025-08-22,305
2026,3,Early,2025-08-22,96
2026,3,Late,2025-08-22,37
2026,3,Mid,2025-08-22,57
2026,4,Early,2025-08-22,25
2026,4,Late,2025-08-22,13
2026,4,Mid,2025-08-22,18
2025,1,Early,2025-08-29,6667
2025,1,Late,2025-08-29,1469
2025,1,Mid,2025-08-29,3112
2025,2,Early,2025-08-29,729
2025,2,Late,2025-08-29,207
2025,2,Mid,2025-08-29,380
2025,3,Early,2025-08-29,118
2025,3,Late,2025-08-29,46
2025,3,Mid,2025-08-29,71
2025,4,Early,2025-08-29,31
2025,4,Late,2025-08-29,16
2025,4,Mid,2025-08-29,22
2025,5,Early,2025-08-29,12
2025,5,Late,2025-08-29,8
2025,5,Mid,2025-08-29,10
2026,1,Early,2025-08-29,5238
2026,1,Late,2025-08-29,1152
2026,1,Mid,2025-08-29,2432
2026,2,Early,2025-08-29,573
2026,2,Late,2025-08-29,163
2026,2,Mid,2025-08-29,299
2026,3,Early,2025-08-29,94
2026,3,Late,2025-08-29,36
2026,3,Mid,2025-08-29,56
2026,4,Early,2025-08-29,24
2026,4,Late,2025-08-29,13
2026,4,Mid,2025-08-29,18
2025,1,Early,2025-09-05,6671
2025,1,Late,2025-09-05,1466
2025,1,Mid,2025-09-05,3112
2025,2,Early,2025-09-05,724
2025,2,Late,2025-09-05,203
2025,2,Mid,2025-09-05,375
2025,3,Early,2025-09-05,115
2025,3,Late,2025-09-05,43
2025,3,Mid,2025-09-05,68
2025,4,Early,2025-09-05,29
2025,4,Late,2025-09-05,16
2025,4,Mid,2025-09-05,21
2025,5,Early,2025-09-05,12
2025,5,Late,2025-09-05,8
2025,5,Mid,2025-09-05,10
2026,1,Early,2025-09-05,5569
2026,1,Late,2025-09-05,1220
2026,1,Mid,2025-09-05,2585
2026,2,Early,2025-09-05,604
2026,2,Late,2025-09-05,170
2026,2,Mid,2025-09-05,314
2026,3,Early,2025-09-05,97
2026,3,Late,2025-09-05,36
2026,3,Mid,2025-09-05,57
2026,4,Early,2025-09-05,25
2026,4,Late,2025-09-05,13
2026,4,Mid,2025-09-05,18
2025,1,Early,2025-09-12,6564
2025,1,Late,2025-09-12,1460
2025,1,Mid,2025-09-12,3076
2025,2,Early,2025-09-12,728
2025,2,Late,2025-09-12,208
2025,2,Mid,2025-09-12,380
2025,3,Early,2025-09-12,119
2025,3,Late,2025-09-12,46
2025,3,Mid,2025-09-12,71
2025,4,Early,2025-09-12,31
2025,4,Late,2025-09-12,17
2025,4,Mid,2025-09-12,22
2025,5,Early,2025-09-12,13
2025,5,Late,2025-09-12,8
2025,5,Mid,2025-09-12,10
2026,1,Early,2025-09-12,5479
2026,1,Late,2025-09-12,1216
2026,1,Mid,2025-09-12,2556
2026,2,Early,2025-09-12,608
2026,2,Late,2025-09-12,174
2026,2,Mid,2025-09-12,318
2026,3,Early,2025-09-12,100
2026,3,Late,2025-09-12,39
2026,3,Mid,2025-09-12,60
2026,4,Early,2025-09-12,26
2026,4,Late,2025-09-12,14
2026,4,Mid,2025-09-12,19
2025,1,Early,2025-09-19,6825
2025,1,Late,2025-09-19,1546
2025,1,Mid,2025-09-19,3238
2025,2,Early,2025-09-19,772
2025,2,Late,2025-09-19,220
2025,2,Mid,2025-09-19,404
2025,3,Early,2025-09-19,125
2025,3,Late,2025-09-19,47
2025,3,Mid,2025-09-19,74
2025,4,Early,2025-09-19,30
2025,4,Late,2025-09-19,16
2025,4,Mid,2025-09-19,21
2025,5,Early,2025-09-19,12
2025,5,Late,2025-09-19,8
2025,5,Mid,2025-09-19,10
2026,1,Early,2025-09-19,5703
2026,1,Late,2025-09-19,1288
2026,1,Mid,2025-09-19,2691
2026,2,Early,2025-09-19,645
2026,2,Late,2025-09-19,184
2026,2,Mid,2025-09-19,338
2026,3,Early,2025-09-19,105
2026,3,Late,2025-09-19,39
2026,3,Mid,2025-09-19,63
2026,4,Early,2025-09-19,26
2026,4,Late,2025-09-19,13
2026,4,Mid,2025-09-19,18
2025,1,Early,2025-09-26,6558
2025,1,Late,2025-09-26,1495
2025,1,Mid,2025-09-26,3113
2025,2,Early,2025-09-26,752
2025,2,Late,2025-09-26,218
2025,2,Mid,2025-09-26,396
2025,3,Early,2025-09-26,125
2025,3,Late,2025-09-26,48
2025,3,Mid,2025-09-26,75
2025,4,Early,2025-09-26,32
2025,4,Late,2025-09-26,17
2025,4,Mid,2025-09-26,23
2025,5,Early,2025-09-26,13
2025,5,Late,2025-09-26,8
2025,5,Mid,2025-09-26,10
2026,1,Early,2025-09-26,5477
2026,1,Late,2025-09-26,1246
2026,1,Mid,2025-09-26,2588
2026,2,Early,2025-09-26,628
2026,2,Late,2025-09-26,183
2026,2,Mid,2025-09-26,332
2026,3,Early,2025-09-26,105
2026,3,Late,2025-09-26,41
2026,3,Mid,2025-09-26,63
2026,4,Early,2025-09-26,27
2026,4,Late,2025-09-26,15
2026,4,Mid,2025-09-26,20
2025,1,Early,2025-10-03,6589
2025,1,Late,2025-10-03,1504
2025,1,Mid,2025-10-03,3130
2025,2,Early,2025-10-03,756
2025,2,Late,2025-10-03,219
2025,2,Mid,2025-10-03,398
2025,3,Early,2025-10-03,126
2025,3,Late,2025-10-03,49
2025,3,Mid,2025-10-03,76
2025,4,Early,2025-10-03,34
2025,4,Late,2025-10-03,18
2025,4,Mid,2025-10-03,24
2025,5,Early,2025-10-03,14
2025,5,Late,2025-10-03,8
2025,5,Mid,2025-10-03,11
2026,1,Early,2025-10-03,5504
2026,1,Late,2025-10-03,1253
2026,1,Mid,2025-10-03,2603
2026,2,Early,2025-10-03,632
2026,2,Late,2025-10-03,184
2026,2,Mid,2025-10-03,334
2026,3,Early,2025-10-03,106
2026,3,Late,2025-10-03,41
2026,3,Mid,2025-10-03,64
2026,4,Early,2025-10-03,28
2026,4,Late,2025-10-03,15
2026,4,Mid,2025-10-03,20
2025,1,Early,2025-10-10,6440
2025,1,Late,2025-10-10,1506
2025,1,Mid,2025-10-10,3092
2025,2,Early,2025-10-10,767
2025,2,Late,2025-10-10,228
2025,2,Mid,2025-10-10,409
2025,3,Early,2025-10-10,132
2025,3,Late,2025-10-10,52
2025,3,Mid,2025-10-10,80
2025,4,Early,2025-10-10,35
2025,4,Late,2025-10-10,19
2025,4,Mid,2025-10-10,26
2025,5,Early,2025-10-10,14
2025,5,Late,2025-10-10,9
2025,5,Mid,2025-10-10,12
2026,1,Early,2025-10-10,5380
2026,1,Late,2025-10-10,1256
2026,1,Mid,2025-10-10,2573
2026,2,Early,2025-10-10,642
2026,2,Late,2025-10-10,191
2026,2,Mid,2025-10-10,343
2026,3,Early,2025-10-10,111
2026,3,Late,2025-10-10,44
2026,3,Mid,2025-10-10,68
2026,4,Early,2025-10-10,30
2026,4,Late,2025-10-10,16
2026,4,Mid,2025-10-10,22
2025,1,Early,2025-10-17,6504
2025,1,Late,2025-10-17,1478
2025,1,Mid,2025-10-17,3076
2025,2,Early,2025-10-17,745
2025,2,Late,2025-10-17,218
2025,2,Mid,2025-10-17,394
2025,3,Early,2025-10-17,126
2025,3,Late,2025-10-17,49
2025,3,Mid,2025-10-17,77
2025,4,Early,2025-10-17,34
2025,4,Late,2025-10-17,18
2025,4,Mid,2025-10-17,24
2025,5,Early,2025-10-17,14
2025,5,Late,2025-10-17,8
2025,5,Mid,2025-10-17,10
2026,1,Early,2025-10-17,5430
2026,1,Late,2025-10-17,1232
2026,1,Mid,2025-10-17,2558
2026,2,Early,2025-10-17,622
2026,2,Late,2025-10-17,183
2026,2,Mid,2025-10-17,330
2026,3,Early,2025-10-17,106
2026,3,Late,2025-10-17,42
2026,3,Mid,2025-10-17,65
2026,4,Early,2025-10-17,29
2026,4,Late,2025-10-17,15
2026,4,Mid,2025-10-17,20
2025,1,Early,2025-10-24,6599
2025,1,Late,2025-10-24,1487
2025,1,Mid,2025-10-24,3116
2025,2,Early,2025-10-24,745
2025,2,Late,2025-10-24,215
2025,2,Mid,2025-10-24,391
2025,3,Early,2025-10-24,123
2025,3,Late,2025-10-24,48
2025,3,Mid,2025-10-24,74
2025,4,Early,2025-10-24,33
2025,4,Late,2025-10-24,17
2025,4,Mid,2025-10-24,23
2025,5,Early,2025-10-24,13
2025,5,Late,2025-10-24,8
2025,5,Mid,2025-10-24,10
2026,1,Early,2025-10-24,5511
2026,1,Late,2025-10-24,1239
2026,1,Mid,2025-10-24,2590
2026,2,Early,2025-10-24,622
2026,2,Late,2025-10-24,180
2026,2,Mid,2025-10-24,327
2026,3,Early,2025-10-24,104
2026,3,Late,2025-10-24,41
2026,3,Mid,2025-10-24,63
2026,4,Early,2025-10-24,28
2026,4,Late,2025-10-24,15
2026,4,Mid,2025-10-24,20
2025,1,Early,2025-10-31,6600
2025,1,Late,2025-10-31,1502
2025,1,Mid,2025-10-31,3133
2025,2,Early,2025-10-31,755
2025,2,Late,2025-10-31,218
2025,2,Mid,2025-10-31,397
2025,3,Early,2025-10-31,126
2025,3,Late,2025-10-31,49
2025,3,Mid,2025-10-31,76
2025,4,Early,2025-10-31,34
2025,4,Late,2025-10-31,18
2025,4,Mid,2025-10-31,24
2025,5,Early,2025-10-31,14
2025,5,Late,2025-10-31,8
2025,5,Mid,2025-10-31,10
2026,1,Early,2025-10-31,5514
2026,1,Late,2025-10-31,1252
2026,1,Mid,2025-10-31,2604
2026,2,Early,2025-10-31,631
2026,2,Late,2025-10-31,183
2026,2,Mid,2025-10-31,333
2026,3,Early,2025-10-31,106
2026,3,Late,2025-10-31,41
2026,3,Mid,2025-10-31,64
2026,4,Early,2025-10-31,28
2026,4,Late,2025-10-31,15
2026,4,Mid,2025-10-31,20
2025,1,Early,2025-11-07,6524
2025,1,Late,2025-11-07,1454
2025,1,Mid,2025-11-07,3062
2025,2,Early,2025-11-07,726
2025,2,Late,2025-11-07,208
2025,2,Mid,2025-11-07,380
2025,3,Early,2025-11-07,120
2025,3,Late,2025-11-07,47
2025,3,Mid,2025-11-07,72
2025,4,Early,2025-11-07,32
2025,4,Late,2025-11-07,17
2025,4,Mid,2025-11-07,23
2025,5,Early,2025-11-07,13
2025,5,Late,2025-11-07,8
2025,5,Mid,2025-11-07,10
2026,1,Early,2025-11-07,5768
2026,1,Late,2025-11-07,1283
2026,1,Mid,2025-11-07,2693
2026,2,Early,2025-11-07,642
2026,2,Late,2025-11-07,185
2026,2,Mid,2025-11-07,337
2026,3,Early,2025-11-07,107
2026,3,Late,2025-11-07,42
2026,3,Mid,2025-11-07,65
2026,4,Early,2025-11-07,29
2026,4,Late,2025-11-07,15
2026,4,Mid,2025-11-07,20
2025,1,Early,2025-11-14,6604
2025,1,Late,2025-11-14,1490
2025,1,Mid,2025-11-14,3116
2025,2,Early,2025-11-14,748
2025,2,Late,2025-11-14,218
2025,2,Mid,2025-11-14,394
2025,3,Early,2025-11-14,126
2025,3,Late,2025-11-14,49
2025,3,Mid,2025-11-14,76
2025,4,Early,2025-11-14,34
2025,4,Late,2025-11-14,18
2025,4,Mid,2025-11-14,24
2025,5,Early,2025-11-14,14
2025,5,Late,2025-11-14,8
2025,5,Mid,2025-11-14,10
2026,1,Early,2025-11-14,5839
2026,1,Late,2025-11-14,1315
2026,1,Mid,2025-11-14,2743
2026,2,Early,2025-11-14,662
2026,2,Late,2025-11-14,193
2026,2,Mid,2025-11-14,350
2026,3,Early,2025-11-14,112
2026,3,Late,2025-11-14,44
2026,3,Mid,2025-11-14,68
2026,4,Early,2025-11-14,30
2026,4,Late,2025-11-14,16
2026,4,Mid,2025-11-14,22
2025,1,Early,2025-11-21,6686
2025,1,Late,2025-11-21,1492
2025,1,Mid,2025-11-21,3139
2025,2,Early,2025-11-21,745
2025,2,Late,2025-11-21,214
2025,2,Mid,2025-11-21,390
2025,3,Early,2025-11-21,123
2025,3,Late,2025-11-21,47
2025,3,Mid,2025-11-21,74
2025,4,Early,2025-11-21,32
2025,4,Late,2025-11-21,16
2025,4,Mid,2025-11-21,22
2025,5,Early,2025-11-21,12
2025,5,Late,2025-11-21,8
2025,5,Mid,2025-11-21,10
2026,1,Early,2025-11-21,5911
2026,1,Late,2025-11-21,1316
2026,1,Mid,2025-11-21,2762
2026,2,Early,2025-11-21,659
2026,2,Late,2025-11-21,190
2026,2,Mid,2025-11-21,346
2026,3,Early,2025-11-21,110
2026,3,Late,2025-11-21,42
2026,3,Mid,2025-11-21,66
2026,4,Early,2025-11-21,28
2026,4,Late,2025-11-21,15
2026,4,Mid,2025-11-21,20
2025,1,Early,2025-11-28,6702
2025,1,Late,2025-11-28,1496
2025,1,Mid,2025-11-28,3150
2025,2,Early,2025-11-28,746
2025,2,Late,2025-11-28,214
2025,2,Mid,2025-11-28,390
2025,3,Early,2025-11-28,123
2025,3,Late,2025-11-28,48
2025,3,Mid,2025-11-28,74
2025,4,Early,2025-11-28,32
2025,4,Late,2025-11-28,17
2025,4,Mid,2025-11-28,23
2025,5,Early,2025-11-28,13
2025,5,Late,2025-11-28,8
2025,5,Mid,2025-11-28,10
2026,1,Early,2025-11-28,5926
2026,1,Late,2025-11-28,1320
2026,1,Mid,2025-11-28,2771
2026,2,Early,2025-11-28,660
2026,2,Late,2025-11-28,190
2026,2,Mid,2025-11-28,346
2026,3,Early,2025-11-28,110
2026,3,Late,2025-11-28,42
2026,3,Mid,2025-11-28,66
2026,4,Early,2025-11-28,29
2026,4,Late,2025-11-28,15
2026,4,Mid,2025-11-28,20
2025,1,Early,2025-12-05,6468
2025,1,Late,2025-12-05,1502
2025,1,Mid,2025-12-05,3095
2025,2,Early,2025-12-05,764
2025,2,Late,2025-12-05,226
2025,2,Mid,2025-12-05,406
2025,3,Early,2025-12-05,131
2025,3,Late,2025-12-05,52
2025,3,Mid,2025-12-05,80
2025,4,Early,2025-12-05,36
2025,4,Late,2025-12-05,19
2025,4,Mid,2025-12-05,26
2025,5,Early,2025-12-05,14
2025,5,Late,2025-12-05,8
2025,5,Mid,2025-12-05,11
2026,1,Early,2025-12-05,6038
2026,1,Late,2025-12-05,1400
2026,1,Mid,2025-12-05,2878
2026,2,Early,2025-12-05,713
2026,2,Late,2025-12-05,212
2026,2,Mid,2025-12-05,380
2026,3,Early,2025-12-05,123
2026,3,Late,2025-12-05,49
2026,3,Mid,2025-12-05,75
2026,4,Early,2025-12-05,33
2026,4,Late,2025-12-05,18
2026,4,Mid,2025-12-05,24
2025,1,Early,2025-12-12,6664
2025,1,Late,2025-12-12,1514
2025,1,Mid,2025-12-12,3160
2025,2,Early,2025-12-12,760
2025,2,Late,2025-12-12,219
2025,2,Mid,2025-12-12,400
2025,3,Early,2025-12-12,126
2025,3,Late,2025-12-12,48
2025,3,Mid,2025-12-12,75
2025,4,Early,2025-12-12,32
2025,4,Late,2025-12-12,17
2025,4,Mid,2025-12-12,22
2025,5,Early,2025-12-12,13
2025,5,Late,2025-12-12,8
2025,5,Mid,2025-12-12,10
2026,1,Early,2025-12-12,6221
2026,1,Late,2025-12-12,1411
2026,1,Mid,2025-12-12,2936
2026,2,Early,2025-12-12,710
2026,2,Late,2025-12-12,206
2026,2,Mid,2025-12-12,374
2026,3,Early,2025-12-12,118
2026,3,Late,2025-12-12,45
2026,3,Mid,2025-12-12,71
2026,4,Early,2025-12-12,30
2026,4,Late,2025-12-12,16
2026,4,Mid,2025-12-12,21
2025,1,Early,2025-12-19,6542
2025,1,Late,2025-12-19,1496
2025,1,Mid,2025-12-19,3106
2025,2,Early,2025-12-19,756
2025,2,Late,2025-12-19,222
2025,2,Mid,2025-12-19,400
2025,3,Early,2025-12-19,129
2025,3,Late,2025-12-19,51
2025,3,Mid,2025-12-19,78
2025,4,Early,2025-12-19,34
2025,4,Late,2025-12-19,18
2025,4,Mid,2025-12-19,24
2025,5,Early,2025-12-19,14
2025,5,Late,2025-12-19,8
2025,5,Mid,2025-12-19,11
2026,1,Early,2025-12-19,6106
2026,1,Late,2025-12-19,1394
2026,1,Mid,2025-12-19,2886
2026,2,Early,2025-12-19,706
2026,2,Late,2025-12-19,208
2026,2,Mid,2025-12-19,375
2026,3,Early,2025-12-19,121
2026,3,Late,2025-12-19,48
2026,3,Mid,2025-12-19,74
2026,4,Early,2025-12-19,32
2026,4,Late,2025-12-19,17
2026,4,Mid,2025-12-19,23
2025,1,Early,2025-12-26,6544
2025,1,Late,2025-12-26,1526
2025,1,Mid,2025-12-26,3139
2025,2,Early,2025-12-26,776
2025,2,Late,2025-12-26,230
2025,2,Mid,2025-12-26,413
2025,3,Early,2025-12-26,134
2025,3,Late,2025-12-26,52
2025,3,Mid,2025-12-26,81
2025,4,Early,2025-12-26,35
2025,4,Late,2025-12-26,19
2025,4,Mid,2025-12-26,25
2025,5,Early,2025-12-26,14
2025,5,Late,2025-12-26,8
2025,5,Mid,2025-12-26,11
2026,1,Early,2025-12-26,6110
2026,1,Late,2025-12-26,1422
2026,1,Mid,2025-12-26,2919
2026,2,Early,2025-12-26,726
2026,2,Late,2025-12-26,216
2026,2,Mid,2025-12-26,387
2026,3,Early,2025-12-26,126
2026,3,Late,2025-12-26,49
2026,3,Mid,2025-12-26,77
2026,4,Early,2025-12-26,33
2026,4,Late,2025-12-26,18
2026,4,Mid,2025-12-26,24
2026,1,Early,2026-01-02,6638
2026,1,Late,2026-01-02,1516
2026,1,Mid,2026-01-02,3154
2026,2,Early,2026-01-02,764
2026,2,Late,2026-01-02,222
2026,2,Mid,2026-01-02,403
2026,3,Early,2026-01-02,128
2026,3,Late,2026-01-02,50
2026,3,Mid,2026-01-02,78
2026,4,Early,2026-01-02,34
2026,4,Late,2026-01-02,18
2026,4,Mid,2026-01-02,24
2026,5,Early,2026-01-02,14
2026,5,Late,2026-01-02,8
2026,5,Mid,2026-01-02,11
2027,1,Early,2026-01-02,5219
2027,1,Late,2026-01-02,1189
2027,1,Mid,2026-01-02,2468
2027,2,Early,2026-01-02,601
2027,2,Late,2026-01-02,176
2027,2,Mid,2026-01-02,318
2027,3,Early,2026-01-02,102
2027,3,Late,2026-01-02,40
2027,3,Mid,2026-01-02,62
2027,4,Early,2026-01-02,27
2027,4,Late,2026-01-02,14
2027,4,Mid,2026-01-02,19
2026,1,Early,2026-01-09,6865
2026,1,Late,2026-01-09,1536
2026,1,Mid,2026-01-09,3234
2026,2,Early,2026-01-09,766
2026,2,Late,2026-01-09,220
2026,2,Mid,2026-01-09,401
2026,3,Early,2026-01-09,126
2026,3,Late,2026-01-09,48
2026,3,Mid,2026-01-09,76
2026,4,Early,2026-01-09,32
2026,4,Late,2026-01-09,16
2026,4,Mid,2026-01-09,22
2026,5,Early,2026-01-09,12
2026,5,Late,2026-01-09,8
2026,5,Mid,2026-01-09,10
2027,1,Early,2026-01-09,5399
2027,1,Late,2026-01-09,1204
2027,1,Mid,2026-01-09,2529
2027,2,Early,2026-01-09,602
2027,2,Late,2026-01-09,174
2027,2,Mid,2026-01-09,316
2027,3,Early,2026-01-09,100
2027,3,Late,2026-01-09,38
2027,3,Mid,2026-01-09,60
2027,4,Early,2026-01-09,26
2027,4,Late,2026-01-09,13
2027,4,Mid,2026-01-09,18
2026,1,Early,2026-01-16,6870
2026,1,Late,2026-01-16,1518
2026,1,Mid,2026-01-16,3219
2026,2,Early,2026-01-16,752
2026,2,Late,2026-01-16,213
2026,2,Mid,2026-01-16,391
2026,3,Early,2026-01-16,121
2026,3,Late,2026-01-16,46
2026,3,Mid,2026-01-16,72
2026,4,Early,2026-01-16,30
2026,4,Late,2026-01-16,16
2026,4,Mid,2026-01-16,21
2026,5,Early,2026-01-16,12
2026,5,Late,2026-01-16,8
2026,5,Mid,2026-01-16,10
2027,1,Early,2026-01-16,5402
2027,1,Late,2026-01-16,1190
2027,1,Mid,2026-01-16,2516
2027,2,Early,2026-01-16,591
2027,2,Late,2026-01-16,168
2027,2,Mid,2026-01-16,308
2027,3,Early,2026-01-16,96
2027,3,Late,2026-01-16,36
2027,3,Mid,2026-01-16,58
2027,4,Early,2026-01-16,24
2027,4,Late,2026-01-16,13
2027,4,Mid,2026-01-16,17
2026,1,Early,2026-01-23,6774
2026,1,Late,2026-01-23,1514
2026,1,Mid,2026-01-23,3187
2026,2,Early,2026-01-23,756
2026,2,Late,2026-01-23,218
2026,2,Mid,2026-01-23,396
2026,3,Early,2026-01-23,125
2026,3,Late,2026-01-23,48
2026,3,Mid,2026-01-23,76
2026,4,Early,2026-01-23,33
2026,4,Late,2026-01-23,18
2026,4,Mid,2026-01-23,23
2026,5,Early,2026-01-23,14
2026,5,Late,2026-01-23,8
2026,5,Mid,2026-01-23,11
2027,1,Early,2026-01-23,5326
2027,1,Late,2026-01-23,1187
2027,1,Mid,2026-01-23,2492
2027,2,Early,2026-01-23,594
2027,2,Late,2026-01-23,172
2027,2,Mid,2026-01-23,312
2027,3,Early,2026-01-23,99
2027,3,Late,2026-01-23,39
2027,3,Mid,2026-01-23,60
2027,4,Early,2026-01-23,26
2027,4,Late,2026-01-23,14
2027,4,Mid,2026-01-23,18
2026,1,Early,2026-01-30,6517
2026,1,Late,2026-01-30,1502
2026,1,Mid,2026-01-30,3102
2026,2,Early,2026-01-30,764
2026,2,Late,2026-01-30,228
2026,2,Mid,2026-01-30,407
2026,3,Early,2026-01-30,134
2026,3,Late,2026-01-30,53
2026,3,Mid,2026-01-30,82
2026,4,Early,2026-01-30,36
2026,4,Late,2026-01-30,19
2026,4,Mid,2026-01-30,25
2026,5,Early,2026-01-30,14
2026,5,Late,2026-01-30,10
2026,5,Mid,2026-01-30,12
2027,1,Early,2026-01-30,5122
2027,1,Late,2026-01-30,1179
2027,1,Mid,2026-01-30,2428
2027,2,Early,2026-01-30,601
2027,2,Late,2026-01-30,180
2027,2,Mid,2026-01-30,321
2027,3,Early,2026-01-30,106
2027,3,Late,2026-01-30,42
2027,3,Mid,2026-01-30,65
2027,4,Early,2026-01-30,29
2027,4,Late,2026-01-30,15
2027,4,Mid,2026-01-30,20
2026,1,Early,2026-02-06,5037
2026,1,Late,2026-02-06,3215
2026,1,Mid,2026-02-06,4010
2026,2,Early,2026-02-06,2604
2026,2,Late,2026-02-06,1756
2026,2,Mid,2026-02-06,2128
2026,3,Early,2026-02-06,1488
2026,3,Late,2026-02-06,1123
2026,3,Mid,2026-02-06,1293
2026,4,Early,2026-02-06,977
2026,4,Late,2026-02-06,752
2026,4,Mid,2026-02-06,855
2026,5,Early,2026-02-06,667
2026,5,Late,2026-02-06,530
2026,5,Mid,2026-02-06,594
2027,1,Early,2026-02-06,4021
2027,1,Late,2026-02-06,2568
2027,1,Mid,2026-02-06,3201
2027,2,Early,2026-02-06,2080
2027,2,Late,2026-02-06,1403
2027,2,Mid,2026-02-06,1700
2027,3,Early,2026-02-06,1190
2027,3,Late,2026-02-06,898
2027,3,Mid,2026-02-06,1034
2027,4,Early,2026-02-06,781
2027,4,Late,2026-02-06,602
2027,4,Mid,2026-02-06,684
2026,1,Early,2026-02-13,4948
2026,1,Late,2026-02-13,3188
2026,1,Mid,2026-02-13,3956
2026,2,Early,2026-02-13,2594
2026,2,Late,2026-02-13,1762
2026,2,Mid,2026-02-13,2128
2026,3,Early,2026-02-13,1495
2026,3,Late,2026-02-13,1135
2026,3,Mid,2026-02-13,1303
2026,4,Early,2026-02-13,991
2026,4,Late,2026-02-13,766
2026,4,Mid,2026-02-13,867
2026,5,Early,2026-02-13,682
2026,5,Late,2026-02-13,546
2026,5,Mid,2026-02-13,610
2027,1,Early,2026-02-13,3951
2027,1,Late,2026-02-13,2546
2027,1,Mid,2026-02-13,3159
2027,2,Early,2026-02-13,2071
2027,2,Late,2026-02-13,1408
2027,2,Mid,2026-02-13,1700
2027,3,Early,2026-02-13,1195
2027,3,Late,2026-02-13,907
2027,3,Mid,2026-02-13,1042
2027,4,Early,2026-02-13,792
2027,4,Late,2026-02-13,612
2027,4,Mid,2026-02-13,693
2026,1,Early,2026-02-20,4892
2026,1,Late,2026-02-20,3160
2026,1,Mid,2026-02-20,3916
2026,2,Early,2026-02-20,2574
2026,2,Late,2026-02-20,1755
2026,2,Mid,2026-02-20,2117
2026,3,Early,2026-02-20,1492
2026,3,Late,2026-02-20,1130
2026,3,Mid,2026-02-20,1295
2026,4,Early,2026-02-20,983
2026,4,Late,2026-02-20,756
2026,4,Mid,2026-02-20,858
2026,5,Early,2026-02-20,673
2026,5,Late,2026-02-20,538
2026,5,Mid,2026-02-20,602
2027,1,Early,2026-02-20,3906
2027,1,Late,2026-02-20,2523
2027,1,Mid,2026-02-20,3127
2027,2,Early,2026-02-20,2056
2027,2,Late,2026-02-20,1402
2027,2,Mid,2026-02-20,1691
2027,3,Early,2026-02-20,1193
2027,3,Late,2026-02-20,903
2027,3,Mid,2026-02-20,1035
2027,4,Early,2026-02-20,786
2027,4,Late,2026-02-20,605
2027,4,Mid,2026-02-20,686
2026,1,Early,2026-02-27,4894
2026,1,Late,2026-02-27,3158
2026,1,Mid,2026-02-27,3916
2026,2,Early,2026-02-27,2571
2026,2,Late,2026-02-27,1751
2026,2,Mid,2026-02-27,2114
2026,3,Early,2026-02-27,1488
2026,3,Late,2026-02-27,1125
2026,3,Mid,2026-02-27,1290
2026,4,Early,2026-02-27,978
2026,4,Late,2026-02-27,752
2026,4,Mid,2026-02-27,853
2026,5,Early,2026-02-27,669
2026,5,Late,2026-02-27,534
2026,5,Mid,2026-02-27,598
2027,1,Early,2026-02-27,3907
2027,1,Late,2026-02-27,2522
2027,1,Mid,2026-02-27,3127
2027,2,Early,2026-02-27,2054
2027,2,Late,2026-02-27,1399
2027,2,Mid,2026-02-27,1689
2027,3,Early,2026-02-27,1190
2027,3,Late,2026-02-27,899
2027,3,Mid,2026-02-27,1031
2027,4,Early,2026-02-27,782
2027,4,Late,2026-02-27,601
2027,4,Mid,2026-02-27,682
2026,1,Early,2026-05-01,6578
2026,1,Late,2026-05-01,1352
2026,1,Mid,2026-05-01,2964
2026,2,Early,2026-05-01,652
2026,2,Late,2026-05-01,178
2026,2,Mid,2026-05-01,332
2026,3,Early,2026-05-01,101
2026,3,Late,2026-05-01,38
2026,3,Mid,2026-05-01,60
2026,4,Early,2026-05-01,25
2026,4,Late,2026-05-01,14
2026,4,Mid,2026-05-01,18
2026,5,Early,2026-05-01,10
2026,5,Late,2026-05-01,7
2026,5,Mid,2026-05-01,8
2027,1,Early,2026-05-01,5163
2027,1,Late,2026-05-01,1058
2027,1,Mid,2026-05-01,2312
2027,2,Early,2026-05-01,512
2027,2,Late,2026-05-01,141
2027,2,Mid,2026-05-01,262
2027,3,Early,2026-05-01,80
2027,3,Late,2026-05-01,30
2027,3,Mid,2026-05-01,48
2027,4,Early,2026-05-01,20
2027,4,Late,2026-05-01,11
2027,4,Mid,2026-05-01,14
2026,1,Early,2026-05-08,6550
2026,1,Late,2026-05-08,1359
2026,1,Mid,2026-05-08,2966
2026,2,Early,2026-05-08,659
2026,2,Late,2026-05-08,182
2026,2,Mid,2026-05-08,337
2026,3,Early,2026-05-08,103
2026,3,Late,2026-05-08,38
2026,3,Mid,2026-05-08,61
2026,4,Early,2026-05-08,26
2026,4,Late,2026-05-08,14
2026,4,Mid,2026-05-08,18
2026,5,Early,2026-05-08,11
2026,5,Late,2026-05-08,7
2026,5,Mid,2026-05-08,8
2027,1,Early,2026-05-08,5141
2027,1,Late,2026-05-08,1064
2027,1,Mid,2026-05-08,2314
2027,2,Early,2026-05-08,517
2027,2,Late,2026-05-08,143
2027,2,Mid,2026-05-08,265
2027,3,Early,2026-05-08,81
2027,3,Late,2026-05-08,31
2027,3,Mid,2026-05-08,49
2027,4,Early,2026-05-08,21
2027,4,Late,2026-05-08,11
2027,4,Mid,2026-05-08,15
2026,1,Early,2026-05-15,6467
2026,1,Late,2026-05-15,1362
2026,1,Mid,2026-05-15,2946
2026,2,Early,2026-05-15,665
2026,2,Late,2026-05-15,185
2026,2,Mid,2026-05-15,342
2026,3,Early,2026-05-15,105
2026,3,Late,2026-05-15,40
2026,3,Mid,2026-05-15,63
2026,4,Early,2026-05-15,27
2026,4,Late,2026-05-15,14
2026,4,Mid,2026-05-15,19
2026,5,Early,2026-05-15,11
2026,5,Late,2026-05-15,7
2026,5,Mid,2026-05-15,9
2027,1,Early,2026-05-15,5075
2027,1,Late,2026-05-15,1066
2027,1,Mid,2026-05-15,2300
2027,2,Early,2026-05-15,522
2027,2,Late,2026-05-15,146
2027,2,Mid,2026-05-15,269
2027,3,Early,2026-05-15,83
2027,3,Late,2026-05-15,32
2027,3,Mid,2026-05-15,50
2027,4,Early,2026-05-15,22
2027,4,Late,2026-05-15,11
2027,4,Mid,2026-05-15,15
2026,1,Early,2026-05-22,6443
2026,1,Late,2026-05-22,1354
2026,1,Mid,2026-05-22,2932
2026,2,Early,2026-05-22,660
2026,2,Late,2026-05-22,184
2026,2,Mid,2026-05-22,340
2026,3,Early,2026-05-22,105
2026,3,Late,2026-05-22,40
2026,3,Mid,2026-05-22,63
2026,4,Early,2026-05-22,27
2026,4,Late,2026-05-22,14
2026,4,Mid,2026-05-22,19
2026,5,Early,2026-05-22,11
2026,5,Late,2026-05-22,7
2026,5,Mid,2026-05-22,8
2027,1,Early,2026-05-22,5057
2027,1,Late,2026-05-22,1060
2027,1,Mid,2026-05-22,2288
2027,2,Early,2026-05-22,519
2027,2,Late,2026-05-22,145
2027,2,Mid,2026-05-22,268
2027,3,Early,2026-05-22,83
2027,3,Late,2026-05-22,32
2027,3,Mid,2026-05-22,50
2027,4,Early,2026-05-22,22
2027,4,Late,2026-05-22,11
2027,4,Mid,2026-05-22,15
2026,1,Early,2026-05-29,6572
2026,1,Late,2026-05-29,1362
2026,1,Mid,2026-05-29,2973
2026,2,Early,2026-05-29,660
2026,2,Late,2026-05-29,182
2026,2,Mid,2026-05-29,338
2026,3,Early,2026-05-29,103
2026,3,Late,2026-05-29,38
2026,3,Mid,2026-05-29,62
2026,4,Early,2026-05-29,26
2026,4,Late,2026-05-29,14
2026,4,Mid,2026-05-29,18
2026,5,Early,2026-05-29,10
2026,5,Late,2026-05-29,6
2026,5,Mid,2026-05-29,8
2027,1,Early,2026-05-29,5158
2027,1,Late,2026-05-29,1066
2027,1,Mid,2026-05-29,2319
2027,2,Early,2026-05-29,518
2027,2,Late,2026-05-29,144
2027,2,Mid,2026-05-29,266
2027,3,Early,2026-05-29,82
2027,3,Late,2026-05-29,31
2027,3,Mid,2026-05-29,49
2027,4,Early,2026-05-29,21
2027,4,Late,2026-05-29,11
2027,4,Mid,2026-05-29,15
2026,1,Early,2026-06-05,6554
2026,1,Late,2026-06-05,1358
2026,1,Mid,2026-06-05,2963
2026,2,Early,2026-06-05,658
2026,2,Late,2026-06-05,182
2026,2,Mid,2026-06-05,336
2026,3,Early,2026-06-05,103
2026,3,Late,2026-06-05,38
2026,3,Mid,2026-06-05,61
2026,4,Early,2026-06-05,26
2026,4,Late,2026-06-05,14
2026,4,Mid,2026-06-05,18
2026,5,Early,2026-06-05,10
2026,5,Late,2026-06-05,7
2026,5,Mid,2026-06-05,8
2027,1,Early,2026-06-05,5143
2027,1,Late,2026-06-05,1063
2027,1,Mid,2026-06-05,2311
2027,2,Early,2026-06-05,517
2027,2,Late,2026-06-05,143
2027,2,Mid,2026-06-05,265
2027,3,Early,2026-06-05,81
2027,3,Late,2026-06-05,31
2027,3,Mid,2026-06-05,49
2027,4,Early,2026-06-05,21
2027,4,Late,2026-06-05,11
2027,4,Mid,2026-06-05,15
2026,1,Early,2026-06-12,6636
2026,1,Late,2026-06-12,1349
2026,1,Mid,2026-06-12,2972
2026,2,Early,2026-06-12,648
2026,2,Late,2026-06-12,177
2026,2,Mid,2026-06-12,330
2026,3,Early,2026-06-12,100
2026,3,Late,2026-06-12,38
2026,3,Mid,2026-06-12,59
2026,4,Early,2026-06-12,25
2026,4,Late,2026-06-12,14
2026,4,Mid,2026-06-12,18
2026,5,Early,2026-06-12,10
2026,5,Late,2026-06-12,6
2026,5,Mid,2026-06-12,8
2027,1,Early,2026-06-12,5206
2027,1,Late,2026-06-12,1055
2027,1,Mid,2026-06-12,2317
2027,2,Early,2026-06-12,509
2027,2,Late,2026-06-12,139
2027,2,Mid,2026-06-12,259
2027,3,Early,2026-06-12,79
2027,3,Late,2026-06-12,30
2027,3,Mid,2026-06-12,47
2027,4,Early,2026-06-12,20
2027,4,Late,2026-06-12,10
2027,4,Mid,2026-06-12,14
2026,1,Early,2026-06-19,6656
2026,1,Late,2026-06-19,1340
2026,1,Mid,2026-06-19,2968
2026,2,Early,2026-06-19,640
2026,2,Late,2026-06-19,173
2026,2,Mid,2026-06-19,324
2026,3,Early,2026-06-19,97
2026,3,Late,2026-06-19,36
2026,3,Mid,2026-06-19,58
2026,4,Early,2026-06-19,24
2026,4,Late,2026-06-19,13
2026,4,Mid,2026-06-19,17
2026,5,Early,2026-06-19,10
2026,5,Late,2026-06-19,6
2026,5,Mid,2026-06-19,8
2027,1,Early,2026-06-19,5221
2027,1,Late,2026-06-19,1048
2027,1,Mid,2026-06-19,2313
2027,2,Early,2026-06-19,503
2027,2,Late,2026-06-19,136
2027,2,Mid,2026-06-19,255
2027,3,Early,2026-06-19,77
2027,3,Late,2026-06-19,29
2027,3,Mid,2026-06-19,46
2027,4,Early,2026-06-19,19
2027,4,Late,2026-06-19,10
2027,4,Mid,2026-06-19,14
2026,1,Early,2026-06-26,6628
2026,1,Late,2026-06-26,1344
2026,1,Mid,2026-06-26,2967
2026,2,Early,2026-06-26,645
2026,2,Late,2026-06-26,175
2026,2,Mid,2026-06-26,327
2026,3,Early,2026-06-26,99
2026,3,Late,2026-06-26,36
2026,3,Mid,2026-06-26,58
2026,4,Early,2026-06-26,24
2026,4,Late,2026-06-26,13
2026,4,Mid,2026-06-26,17
2026,5,Early,2026-06-26,10
2026,5,Late,2026-06-26,6
2026,5,Mid,2026-06-26,8
2027,1,Early,2026-06-26,5200
2027,1,Late,2026-06-26,1052
2027,1,Mid,2026-06-26,2313
2027,2,Early,2026-06-26,506
2027,2,Late,2026-06-26,138
2027,2,Mid,2026-06-26,257
2027,3,Early,2026-06-26,78
2027,3,Late,2026-06-26,29
2027,3,Mid,2026-06-26,46
2027,4,Early,2026-06-26,19
2027,4,Late,2026-06-26,10
2027,4,Mid,2026-06-26,14
2026,1,Early,2026-07-03,6684
2026,1,Late,2026-07-03,1341
2026,1,Mid,2026-07-03,2978
2026,2,Early,2026-07-03,640
2026,2,Late,2026-07-03,172
2026,2,Mid,2026-07-03,323
2026,3,Early,2026-07-03,96
2026,3,Late,2026-07-03,36
2026,3,Mid,2026-07-03,57
2026,4,Early,2026-07-03,23
2026,4,Late,2026-07-03,12
2026,4,Mid,2026-07-03,17
2026,5,Early,2026-07-03,10
2026,5,Late,2026-07-03,6
2026,5,Mid,2026-07-03,8
2027,1,Early,2026-07-03,5244
2027,1,Late,2026-07-03,1049
2027,1,Mid,2026-07-03,2321
2027,2,Early,2026-07-03,502
2027,2,Late,2026-07-03,136
2027,2,Mid,2026-07-03,254
2027,3,Early,2026-07-03,76
2027,3,Late,2026-07-03,28
2027,3,Mid,2026-07-03,45
2027,4,Early,2026-07-03,19
2027,4,Late,2026-07-03,10
2027,4,Mid,2026-07-03,13
2026,1,Early,2026-07-10,6753
2026,1,Late,2026-07-10,1343
2026,1,Mid,2026-07-10,2996
2026,2,Early,2026-07-10,638
2026,2,Late,2026-07-10,171
2026,2,Mid,2026-07-10,322
2026,3,Early,2026-07-10,96
2026,3,Late,2026-07-10,35
2026,3,Mid,2026-07-10,57
2026,4,Early,2026-07-10,24
2026,4,Late,2026-07-10,12
2026,4,Mid,2026-07-10,17
2026,5,Early,2026-07-10,10
2026,5,Late,2026-07-10,6
2026,5,Mid,2026-07-10,8
2027,1,Early,2026-07-10,5298
2027,1,Late,2026-07-10,1050
2027,1,Mid,2026-07-10,2334
2027,2,Early,2026-07-10,501
2027,2,Late,2026-07-10,135
2027,2,Mid,2026-07-10,253
2027,3,Early,2026-07-10,76
2027,3,Late,2026-07-10,28
2027,3,Mid,2026-07-10,45
2027,4,Early,2026-07-10,19
2027,4,Late,2026-07-10,10
2027,4,Mid,2026-07-10,13
2026,1,Early,2026-07-17,6805
2026,1,Late,2026-07-17,1337
2026,1,Mid,2026-07-17,3002
2026,2,Early,2026-07-17,632
2026,2,Late,2026-07-17,168
2026,2,Mid,2026-07-17,317
2026,3,Early,2026-07-17,94
2026,3,Late,2026-07-17,35
2026,3,Mid,2026-07-17,56
2026,4,Early,2026-07-17,23
2026,4,Late,2026-07-17,12
2026,4,Mid,2026-07-17,16
2026,5,Early,2026-07-17,10
2026,5,Late,2026-07-17,6
2026,5,Mid,2026-07-17,8
2027,1,Early,2026-07-17,5338
2027,1,Late,2026-07-17,1045
2027,1,Mid,2026-07-17,2337
2027,2,Early,2026-07-17,496
2027,2,Late,2026-07-17,133
2027,2,Mid,2026-07-17,249
2027,3,Early,2026-07-17,74
2027,3,Late,2026-07-17,28
2027,3,Mid,2026-07-17,44
2027,4,Early,2026-07-17,18
2027,4,Late,2026-07-17,10
2027,4,Mid,2026-07-17,13
2026,1,Early,2026-07-24,6756
2026,1,Late,2026-07-24,1337
2026,1,Mid,2026-07-24,2990
2026,2,Early,2026-07-24,634
2026,2,Late,2026-07-24,169
2026,2,Mid,2026-07-24,319
2026,3,Early,2026-07-24,94
2026,3,Late,2026-07-24,35
2026,3,Mid,2026-07-24,56
2026,4,Early,2026-07-24,23
2026,4,Late,2026-07-24,12
2026,4,Mid,2026-07-24,17
2026,5,Early,2026-07-24,10
2026,5,Late,2026-07-24,6
2026,5,Mid,2026-07-24,8
2027,1,Early,2026-07-24,5300
2027,1,Late,2026-07-24,1045
2027,1,Mid,2026-07-24,2329
2027,2,Early,2026-07-24,497
2027,2,Late,2026-07-24,133
2027,2,Mid,2026-07-24,251
2027,3,Early,2026-07-24,75
2027,3,Late,2026-07-24,28
2027,3,Mid,2026-07-24,44
2027,4,Early,2026-07-24,19
2027,4,Late,2026-07-24,10
2027,4,Mid,2026-07-24,13
2026,1,Early,2026-07-31,5458
2026,1,Late,2026-07-31,1176
2026,1,Mid,2026-07-31,2474
2026,2,Early,2026-07-31,586
2026,2,Late,2026-07-31,167
2026,2,Mid,2026-07-31,306
2026,3,Early,2026-07-31,94
2026,3,Late,2026-07-31,35
2026,3,Mid,2026-07-31,56
2026,4,Early,2026-07-31,23
2026,4,Late,2026-07-31,12
2026,4,Mid,2026-07-31,17
2026,5,Early,2026-07-31,10
2026,5,Late,2026-07-31,6
2026,5,Mid,2026-07-31,8
2027,1,Early,2026-07-31,4256
2027,1,Late,2026-07-31,922
2027,1,Mid,2026-07-31,1935
2027,2,Early,2026-07-31,461
2027,2,Late,2026-07-31,132
2027,2,Mid,2026-07-31,241
2027,3,Early,2026-07-31,75
2027,3,Late,2026-07-31,28
2027,3,Mid,2026-07-31,44
2027,4,Early,2026-07-31,19
2027,4,Late,2026-07-31,10
2027,4,Mid,2026-07-31,13
2026,1,Early,2026-08-07,5488
2026,1,Late,2026-08-07,1173
2026,1,Mid,2026-08-07,2477
2026,2,Early,2026-08-07,582
2026,2,Late,2026-08-07,165
2026,2,Mid,2026-08-07,304
2026,3,Early,2026-08-07,94
2026,3,Late,2026-08-07,34
2026,3,Mid,2026-08-07,55
2026,4,Early,2026-08-07,23
2026,4,Late,2026-08-07,12
2026,4,Mid,2026-08-07,16
2026,5,Early,2026-08-07,10
2026,5,Late,2026-08-07,6
2026,5,Mid,2026-08-07,8
2027,1,Early,2026-08-07,4278
2027,1,Late,2026-08-07,919
2027,1,Mid,2026-08-07,1936
2027,2,Early,2026-08-07,458
2027,2,Late,2026-08-07,130
2027,2,Mid,2026-08-07,239
2027,3,Early,2026-08-07,74
2027,3,Late,2026-08-07,27
2027,3,Mid,2026-08-07,44
2027,4,Early,2026-08-07,18
2027,4,Late,2026-08-07,10
2027,4,Mid,2026-08-07,13
2026,1,Early,2026-08-14,6184
2026,1,Late,2026-08-14,1250
2026,1,Mid,2026-08-14,2701
2026,2,Early,2026-08-14,612
2026,2,Late,2026-08-14,172
2026,2,Mid,2026-08-14,317
2026,3,Early,2026-08-14,99
2026,3,Late,2026-08-14,38
2026,3,Mid,2026-08-14,60
2026,4,Early,2026-08-14,26
2026,4,Late,2026-08-14,14
2026,4,Mid,2026-08-14,18
2026,5,Early,2026-08-14,10
2026,5,Late,2026-08-14,6
2026,5,Mid,2026-08-14,8
2027,1,Early,2026-08-14,4809
2027,1,Late,2026-08-14,979
2027,1,Mid,2026-08-14,2108
2027,2,Early,2026-08-14,481
2027,2,Late,2026-08-14,136
2027,2,Mid,2026-08-14,249
2027,3,Early,2026-08-14,78
2027,3,Late,2026-08-14,30
2027,3,Mid,2026-08-14,48
2027,4,Early,2026-08-14,21
2027,4,Late,2026-08-14,11
2027,4,Mid,2026-08-14,15
2026,1,Early,2026-08-21,6110
2026,1,Late,2026-08-21,1246
2026,1,Mid,2026-08-21,2682
2026,2,Early,2026-08-21,612
2026,2,Late,2026-08-21,173
2026,2,Mid,2026-08-21,317
2026,3,Early,2026-08-21,100
2026,3,Late,2026-08-21,38
2026,3,Mid,2026-08-21,60
2026,4,Early,2026-08-21,26
2026,4,Late,2026-08-21,14
2026,4,Mid,2026-08-21,18
2026,5,Early,2026-08-21,10
2026,5,Late,2026-08-21,6
2026,5,Mid,2026-08-21,8
2027,1,Early,2026-08-21,4753
2027,1,Late,2026-08-21,976
2027,1,Mid,2026-08-21,2094
2027,2,Early,2026-08-21,481
2027,2,Late,2026-08-21,137
2027,2,Mid,2026-08-21,250
2027,3,Early,2026-08-21,79
2027,3,Late,2026-08-21,30
2027,3,Mid,2026-08-21,48
2027,4,Early,2026-08-21,21
2027,4,Late,2026-08-21,11
2027,4,Mid,2026-08-21,15
